Employee_ID,Age,Gender,Marital_Status,Department,Job_Role,Job_Level,Monthly_Income,Hourly_Rate,Years_at_Company,Years_in_Current_Role,Years_Since_Last_Promotion,Work_Life_Balance,Job_Satisfaction,Performance_Rating,Training_Hours_Last_Year,Overtime,Project_Count,Average_Hours_Worked_Per_Week,Absenteeism,Work_Environment_Satisfaction,Relationship_with_Manager,Job_Involvement,Distance_From_Home,Number_of_Companies_Worked,Attrition
1,58.0,Female,Married,IT,Manager,1,15488.0,28,15.0,4,2,1,3.0,4,14,No,6,54,17,4,4,4,20,3,No
2,48.0,Female,Married,Sales,Assistant,5,13079.0,28,6.0,9,1,2,1.0,1,6,Yes,2,45,1,4,1,2,25,2,No
3,34.0,Male,Married,Marketing,Assistant,1,13744.0,24,24.0,14,8,3,2.0,1,77,Yes,6,34,2,3,4,4,45,3,No
4,27.0,Female,Divorced,Marketing,Manager,1,6809.0,26,10.0,8,2,3,5.0,4,49,No,9,48,18,2,3,1,35,3,No
5,40.0,Male,Divorced,Marketing,Executive,1,10206.0,52,29.0,10,1,2,5.0,1,64,No,3,33,0,4,1,3,44,3,No
6,58.0,Male,Divorced,Finance,Assistant,3,16746.0,48,15.0,9,3,4,2.0,3,66,No,9,35,9,2,2,3,24,1,No
7,38.0,Male,Divorced,HR,Analyst,1,18995.0,55,29.0,1,1,4,5.0,1,43,No,2,55,13,1,1,3,40,2,No
8,42.0,Female,Divorced,Marketing,Manager,3,19035.0,24,4.0,9,0,3,2.0,3,30,No,5,46,12,4,2,4,13,1,No
9,30.0,Male,Married,IT,Analyst,5,14671.0,31,18.0,3,5,4,1.0,1,42,Yes,2,36,8,3,4,2,48,3,No
10,30.0,Male,Married,Marketing,Analyst,3,16210.0,31,18.0,11,9,3,1.0,2,76,No,7,53,5,3,3,4,39,2,No
11,43.0,Female,Married,Finance,Executive,5,8197.0,81,25.0,12,7,3,1.0,4,47,Yes,9,52,5,4,1,2,4,3,Yes
12,55.0,Female,Married,IT,Analyst,5,18553.0,76,17.0,10,9,2,2.0,2,81,No,7,36,18,2,2,3,12,1,No
13,59.0,Female,Divorced,Finance,Executive,3,10452.0,15,12.0,9,9,4,2.0,1,80,No,5,38,9,1,4,1,17,1,No
14,43.0,Female,Divorced,IT,Assistant,2,11718.0,26,7.0,1,1,2,4.0,1,80,Yes,4,42,2,1,3,4,1,3,No
15,22.0,Male,Divorced,Sales,Manager,4,17859.0,18,16.0,1,8,3,5.0,3,60,No,4,49,17,3,3,1,17,2,No
16,41.0,Male,Single,HR,Analyst,1,5172.0,56,11.0,9,2,3,5.0,1,74,Yes,8,43,18,3,3,3,2,1,No
17,21.0,Male,Married,HR,Manager,4,16158.0,27,14.0,11,7,3,4.0,1,83,Yes,1,45,4,2,4,2,6,3,No
18,43.0,Male,Married,Finance,Analyst,1,19663.0,99,3.0,14,7,1,4.0,1,9,Yes,5,52,10,3,4,1,44,4,No
19,49.0,Female,Divorced,HR,Manager,1,14085.0,18,19.0,6,2,1,1.0,2,28,No,2,38,9,2,4,4,11,3,No
20,57.0,Male,Married,Finance,Analyst,5,6981.0,96,18.0,4,2,1,4.0,3,47,No,9,44,16,4,3,1,43,3,No
21,21.0,Male,Married,Finance,Analyst,1,8247.0,83,10.0,7,5,2,2.0,2,97,No,7,34,3,1,1,1,18,2,No
22,40.0,Female,Divorced,Finance,Analyst,1,13553.0,33,6.0,5,0,3,3.0,3,80,No,8,47,17,4,2,4,40,3,No
23,52.0,Male,Single,HR,Analyst,3,9135.0,16,13.0,10,3,4,2.0,2,61,No,6,50,17,3,4,2,25,4,No
24,31.0,Male,Single,Finance,Analyst,4,8573.0,26,10.0,14,0,2,4.0,1,12,No,9,49,0,1,1,4,39,3,Yes
25,41.0,Male,Single,HR,Analyst,3,16731.0,95,18.0,7,2,2,5.0,2,43,Yes,6,37,13,1,2,3,28,4,No
26,44.0,Male,Divorced,Finance,Analyst,1,10189.0,88,26.0,8,8,2,2.0,2,46,No,7,44,7,4,3,2,46,1,No
27,46.0,Male,Married,Marketing,Analyst,5,17541.0,20,20.0,8,4,4,5.0,3,63,No,7,50,1,2,1,1,16,3,Yes
28,47.0,Male,Divorced,Finance,Analyst,3,13878.0,22,26.0,1,4,3,2.0,3,90,No,9,54,18,1,3,4,12,2,Yes
29,35.0,Female,Divorced,IT,Manager,3,14087.0,65,16.0,8,3,1,5.0,2,52,No,8,38,14,2,2,3,41,3,No
30,34.0,Female,Married,Finance,Executive,2,16667.0,25,25.0,6,2,3,2.0,3,89,Yes,1,48,1,4,4,4,29,4,No
31,22.0,Male,Single,Sales,Analyst,1,5776.0,77,25.0,4,4,3,5.0,3,91,Yes,4,58,3,4,3,2,23,4,No
32,56.0,Male,Single,Finance,Executive,5,12311.0,71,6.0,13,3,2,3.0,3,76,Yes,7,55,0,2,1,3,21,2,Yes
33,26.0,Female,Divorced,IT,Analyst,3,10697.0,26,13.0,14,7,2,1.0,4,75,Yes,8,51,18,4,4,1,16,4,No
34,40.0,Male,Single,IT,Analyst,3,17629.0,87,4.0,12,3,2,2.0,3,43,Yes,7,35,9,1,1,2,48,3,No
35,28.0,Male,Divorced,HR,Manager,5,11386.0,16,23.0,8,7,1,3.0,4,27,No,3,33,0,4,2,3,41,4,No
36,58.0,Male,Divorced,Marketing,Assistant,1,11044.0,22,14.0,3,5,1,1.0,4,1,Yes,4,40,19,4,2,2,45,3,No
37,37.0,Female,Married,Finance,Assistant,2,12615.0,25,1.0,13,4,1,2.0,3,56,Yes,7,58,14,1,4,1,26,3,Yes
38,23.0,Male,Married,HR,Manager,3,18034.0,67,28.0,4,3,3,3.0,2,56,No,8,39,3,2,1,3,37,4,No
39,44.0,Female,Married,Marketing,Executive,2,8060.0,24,20.0,6,3,2,3.0,3,33,No,7,32,6,4,1,4,22,2,Yes
40,33.0,Male,Divorced,Finance,Assistant,4,13900.0,99,5.0,11,3,4,3.0,1,86,Yes,6,30,6,2,1,4,10,1,No
41,28.0,Female,Married,Sales,Manager,1,8581.0,98,8.0,7,8,3,4.0,2,57,No,9,41,17,1,1,1,7,2,No
42,45.0,Female,Single,Finance,Manager,4,5014.0,22,12.0,4,3,1,5.0,4,51,No,9,52,12,2,2,3,9,1,No
43,21.0,Male,Single,IT,Assistant,4,15997.0,50,2.0,4,8,4,1.0,4,28,Yes,7,44,9,2,1,1,25,2,No
44,39.0,Female,Divorced,IT,Executive,4,13635.0,90,12.0,7,9,4,5.0,2,34,No,8,44,7,3,2,1,46,3,No
45,47.0,Male,Divorced,Sales,Manager,1,16648.0,28,5.0,6,5,2,5.0,2,74,Yes,6,50,9,3,1,2,15,3,No
46,26.0,Female,Married,HR,Analyst,1,10148.0,68,22.0,13,9,4,5.0,3,47,Yes,1,43,13,4,1,4,13,4,No
47,27.0,Male,Divorced,Marketing,Executive,5,17022.0,99,5.0,11,6,1,3.0,4,32,No,1,55,13,3,3,1,42,1,No
48,54.0,Male,Divorced,Finance,Executive,2,8919.0,35,13.0,8,9,2,5.0,1,74,Yes,6,36,19,3,3,2,46,1,No
49,33.0,Female,Single,IT,Assistant,2,18886.0,64,9.0,1,2,4,4.0,3,72,Yes,2,46,10,3,1,1,26,4,Yes
50,36.0,Male,Single,HR,Assistant,5,9638.0,53,10.0,10,7,2,2.0,2,77,No,8,53,5,2,2,1,21,2,Yes
51,55.0,Male,Married,Sales,Analyst,5,7651.0,34,1.0,13,2,4,3.0,4,8,No,1,48,0,2,1,1,23,4,No
52,59.0,Female,Divorced,IT,Manager,4,3609.0,21,3.0,11,0,3,1.0,2,47,No,2,36,18,3,3,4,44,2,Yes
53,23.0,Male,Divorced,Sales,Assistant,5,10940.0,23,18.0,7,9,3,2.0,2,66,No,8,57,6,1,1,3,28,4,No
54,21.0,Male,Single,Finance,Assistant,3,13348.0,15,12.0,12,4,1,2.0,2,92,Yes,6,32,17,3,3,4,38,1,Yes
55,25.0,Female,Divorced,Marketing,Executive,2,6866.0,40,29.0,7,1,3,2.0,3,82,No,2,59,2,1,1,2,12,1,No
56,23.0,Female,Single,IT,Assistant,5,19755.0,52,3.0,11,9,3,5.0,1,35,No,2,32,19,2,4,3,24,2,No
57,48.0,Male,Married,IT,Assistant,3,19999.0,52,26.0,7,5,3,5.0,1,95,Yes,7,55,10,1,1,2,13,1,Yes
58,37.0,Male,Single,Finance,Assistant,3,5253.0,75,25.0,7,9,4,3.0,4,70,Yes,5,54,4,2,2,1,40,1,No
59,45.0,Female,Divorced,HR,Assistant,3,7942.0,58,29.0,10,8,4,5.0,2,91,Yes,5,58,18,1,3,3,48,1,No
60,53.0,Female,Married,Marketing,Executive,3,15330.0,58,9.0,14,0,2,5.0,1,43,Yes,8,47,1,2,4,2,2,1,No
61,29.0,Male,Single,IT,Analyst,4,3864.0,88,26.0,10,3,4,5.0,2,81,No,7,59,3,2,3,1,39,3,No
62,55.0,Female,Single,Marketing,Analyst,3,4268.0,76,2.0,8,0,3,3.0,4,59,No,9,49,9,3,3,2,12,4,No
63,33.0,Male,Married,IT,Manager,4,10454.0,20,3.0,9,0,4,3.0,2,62,Yes,4,51,1,4,2,2,39,4,Yes
64,50.0,Male,Married,Marketing,Assistant,4,16666.0,31,14.0,9,7,1,4.0,1,4,Yes,4,43,7,4,1,4,14,3,Yes
65,34.0,Male,Single,Sales,Executive,3,15370.0,65,4.0,2,1,2,4.0,2,86,Yes,2,32,0,2,2,1,30,1,Yes
66,27.0,Male,Divorced,IT,Manager,2,8229.0,52,25.0,13,0,2,4.0,1,85,Yes,3,57,5,3,1,4,41,4,No
67,33.0,Male,Single,Marketing,Manager,3,19309.0,38,19.0,13,7,4,4.0,4,89,No,1,55,10,4,4,3,43,4,No
68,42.0,Female,Married,HR,Analyst,3,7054.0,65,13.0,7,3,3,2.0,2,75,Yes,1,59,9,4,2,1,48,4,Yes
69,59.0,Female,Single,Sales,Executive,3,3935.0,24,7.0,7,2,2,2.0,1,39,No,7,55,12,3,2,4,19,2,No
70,40.0,Female,Married,Sales,Executive,2,15172.0,86,12.0,4,3,1,4.0,4,18,Yes,5,36,0,3,3,4,31,3,No
71,35.0,Female,Married,HR,Executive,1,13530.0,35,3.0,9,4,1,4.0,2,46,No,3,36,1,4,2,3,43,2,No
72,37.0,Male,Divorced,Marketing,Analyst,1,18560.0,84,23.0,8,0,2,1.0,4,64,No,7,34,2,4,1,2,43,2,No
73,43.0,Male,Married,Finance,Analyst,4,19156.0,99,23.0,12,0,3,2.0,1,66,No,2,32,8,1,2,2,25,3,No
74,45.0,Male,Married,HR,Analyst,4,19709.0,71,9.0,1,2,3,1.0,2,90,No,3,47,4,1,2,2,4,4,No
75,44.0,Male,Divorced,Marketing,Analyst,2,12726.0,53,2.0,2,5,4,1.0,2,17,Yes,1,44,9,2,4,3,13,2,No
76,48.0,Female,Married,HR,Analyst,5,10774.0,47,29.0,13,0,4,5.0,2,49,No,8,49,9,4,1,4,36,4,No
77,34.0,Male,Divorced,HR,Assistant,1,4985.0,73,22.0,13,1,2,3.0,4,29,Yes,2,43,11,3,3,1,42,2,No
78,20.0,Male,Divorced,IT,Assistant,4,17252.0,32,9.0,2,6,4,2.0,4,65,No,7,58,17,3,1,3,37,4,No
79,44.0,Female,Married,Marketing,Executive,1,7603.0,70,12.0,12,0,4,4.0,1,4,No,9,33,0,4,4,2,3,1,No
80,26.0,Female,Married,Finance,Manager,2,18960.0,71,12.0,12,6,4,4.0,3,92,Yes,6,56,2,2,1,2,16,1,No
81,28.0,Female,Single,IT,Executive,2,12462.0,90,15.0,11,3,1,3.0,2,96,Yes,2,53,4,3,1,1,26,1,No
82,43.0,Female,Divorced,HR,Manager,5,17166.0,62,2.0,8,9,4,2.0,2,41,No,2,37,16,4,2,3,40,3,No
83,20.0,Male,Single,HR,Analyst,5,10754.0,56,18.0,1,5,2,4.0,1,83,No,9,58,7,4,2,2,39,1,No
84,27.0,Male,Married,HR,Manager,2,17246.0,41,13.0,4,7,3,4.0,2,93,Yes,8,50,16,2,1,3,19,2,No
85,43.0,Female,Single,Marketing,Executive,4,7078.0,88,14.0,10,8,4,5.0,4,4,No,9,42,8,4,1,4,46,4,No
86,30.0,Male,Divorced,,Executive,1,15853.0,66,5.0,12,5,3,1.0,4,49,Yes,4,51,5,3,3,3,15,4,No
87,36.0,Male,Single,IT,Manager,3,7042.0,56,26.0,5,8,4,4.0,2,84,Yes,4,37,16,1,4,4,32,4,No
88,27.0,Male,Divorced,Finance,Assistant,5,19284.0,46,10.0,9,3,2,2.0,2,57,Yes,2,44,7,2,2,1,49,4,No
89,54.0,Female,Married,IT,Analyst,3,17389.0,40,12.0,7,5,1,3.0,4,78,No,1,46,6,4,2,4,21,2,No
90,,Male,Married,Sales,Analyst,4,5575.0,39,10.0,8,7,2,5.0,2,83,No,4,34,6,2,2,4,1,4,No
91,52.0,Female,Divorced,HR,Executive,5,9754.0,89,24.0,14,8,1,2.0,4,7,Yes,8,49,14,4,2,1,6,2,No
92,24.0,Male,Married,HR,Assistant,3,4986.0,37,11.0,11,2,4,5.0,3,30,Yes,2,33,6,1,1,2,27,2,No
93,58.0,Male,Married,HR,Manager,4,18470.0,71,25.0,9,1,4,1.0,3,11,Yes,8,40,7,2,1,1,23,4,Yes
94,47.0,Male,Married,IT,Analyst,1,8968.0,66,2.0,13,5,1,4.0,2,20,Yes,1,47,8,4,3,3,47,4,No
95,26.0,Female,Married,IT,,4,10493.0,45,5.0,7,3,2,2.0,2,93,No,1,39,14,1,2,1,31,4,Yes
96,28.0,Male,Divorced,HR,Analyst,5,7103.0,78,7.0,5,0,2,3.0,2,61,Yes,4,46,1,3,2,3,12,2,No
97,27.0,Female,Single,IT,Assistant,2,5076.0,85,6.0,13,7,1,1.0,4,90,No,7,59,6,4,1,2,21,3,No
98,31.0,Female,Single,Marketing,Assistant,1,5994.0,47,22.0,5,8,4,1.0,3,89,Yes,9,44,14,1,3,3,2,2,No
99,53.0,Female,Married,Marketing,Executive,3,6744.0,99,23.0,10,8,1,5.0,3,32,No,5,35,17,1,1,1,5,3,Yes
100,52.0,Male,Single,IT,Analyst,5,17466.0,16,3.0,11,1,4,1.0,1,25,No,2,52,17,2,2,1,9,4,No
101,42.0,Male,Single,HR,Manager,2,17523.0,32,13.0,6,8,1,2.0,1,89,No,7,50,9,4,2,2,20,2,No
102,43.0,Male,Married,IT,Executive,4,8594.0,61,3.0,5,6,4,5.0,2,99,No,2,45,17,3,4,1,46,4,Yes
103,56.0,Male,Married,IT,Executive,2,10531.0,47,26.0,13,4,1,1.0,4,39,No,9,44,0,4,4,2,18,3,No
104,54.0,Female,Single,IT,Manager,5,10371.0,98,25.0,12,6,3,3.0,2,64,Yes,9,37,6,1,4,2,22,3,No
105,59.0,Female,Divorced,Sales,Executive,5,17547.0,49,24.0,11,8,4,2.0,3,58,Yes,3,38,2,3,3,1,8,2,No
106,41.0,Female,Married,Marketing,Assistant,2,6144.0,65,21.0,9,7,2,3.0,2,14,No,8,40,13,1,1,4,34,2,No
107,46.0,Male,Divorced,Finance,Assistant,4,16990.0,32,6.0,3,5,1,3.0,2,0,Yes,4,56,11,2,2,3,9,2,No
108,54.0,Female,Single,Finance,Analyst,2,17083.0,86,11.0,3,3,2,5.0,3,10,Yes,3,31,13,4,2,4,7,2,No
109,20.0,Male,Married,Sales,Analyst,5,19626.0,44,28.0,7,0,1,4.0,3,54,Yes,1,56,3,1,3,2,30,1,No
110,54.0,Female,Divorced,IT,Manager,5,10954.0,58,26.0,7,5,2,5.0,3,1,Yes,5,42,12,1,2,3,18,1,No
111,56.0,Male,Married,Sales,Analyst,3,10269.0,67,17.0,6,2,2,2.0,3,64,Yes,4,33,15,4,2,4,27,4,No
112,33.0,Male,Single,Sales,Assistant,3,10130.0,24,10.0,3,5,1,2.0,1,94,Yes,1,56,15,3,1,1,16,3,Yes
113,22.0,Female,Divorced,HR,Manager,1,9828.0,66,12.0,14,5,1,5.0,4,43,Yes,8,38,4,1,4,4,21,3,No
114,20.0,Female,Single,Marketing,Manager,5,11844.0,63,17.0,13,3,2,4.0,4,15,No,8,34,19,4,4,3,5,4,No
115,24.0,Female,Single,Finance,Analyst,3,17220.0,25,4.0,7,1,2,5.0,3,21,Yes,8,48,5,2,3,3,29,4,Yes
116,45.0,Female,Married,IT,Assistant,2,9331.0,80,2.0,5,8,2,2.0,4,17,Yes,3,51,5,2,4,3,47,4,No
117,33.0,Male,Divorced,Finance,Manager,4,16397.0,72,11.0,7,1,4,4.0,4,46,Yes,6,32,17,4,4,3,37,1,Yes
118,58.0,Female,Single,Finance,Assistant,2,13291.0,50,7.0,2,2,4,2.0,4,80,No,7,59,5,1,3,4,43,4,No
119,46.0,Female,Single,Marketing,Assistant,4,13164.0,47,2.0,6,9,3,4.0,4,29,No,9,50,6,4,3,1,22,3,No
120,28.0,Female,Divorced,Finance,Assistant,3,13450.0,61,26.0,14,0,4,4.0,3,9,Yes,5,32,15,4,4,1,14,4,No
121,34.0,Male,Single,Finance,Analyst,1,5035.0,27,18.0,8,6,4,5.0,2,98,No,9,35,8,1,1,3,19,2,No
122,34.0,Male,Single,Sales,Executive,2,14463.0,54,21.0,1,0,1,5.0,2,57,No,6,57,12,3,3,1,35,3,No
123,45.0,Female,Divorced,Marketing,Executive,2,10977.0,82,4.0,4,8,3,5.0,2,61,Yes,4,39,11,3,2,4,24,3,No
124,32.0,Male,Divorced,HR,Manager,2,15182.0,56,8.0,11,0,3,4.0,1,84,No,1,34,18,2,3,1,42,3,No
125,51.0,Female,Divorced,IT,Assistant,4,3298.0,33,20.0,1,4,4,4.0,4,79,Yes,1,59,0,3,2,2,6,1,No
126,58.0,Male,Divorced,Finance,Analyst,3,3923.0,96,14.0,14,6,1,2.0,3,5,No,5,54,7,4,3,1,3,1,No
127,51.0,Male,Married,IT,Assistant,2,16331.0,33,12.0,1,2,1,3.0,3,66,Yes,3,32,3,1,3,3,34,3,No
128,23.0,Male,Divorced,HR,Assistant,2,9578.0,72,22.0,10,8,3,5.0,1,40,No,5,51,18,2,4,1,45,2,Yes
129,49.0,Male,Married,IT,Analyst,1,7875.0,37,21.0,12,7,1,2.0,3,42,Yes,5,53,4,3,4,1,2,3,No
130,56.0,Female,Married,HR,Executive,1,15254.0,68,27.0,14,2,2,2.0,2,84,Yes,1,36,16,4,4,1,15,1,No
131,42.0,Female,Married,Sales,Assistant,3,13905.0,94,18.0,14,4,4,1.0,1,76,No,8,51,2,2,1,1,37,2,No
132,58.0,Female,Single,Finance,Assistant,3,16353.0,79,11.0,11,6,2,5.0,3,17,Yes,5,59,18,1,4,2,15,3,No
133,34.0,Male,Married,HR,Executive,5,18882.0,26,29.0,8,3,3,2.0,1,57,Yes,5,47,0,3,4,4,32,1,No
134,48.0,Female,Married,IT,Analyst,1,12663.0,38,28.0,7,4,3,1.0,1,59,No,9,52,0,4,3,3,21,2,No
135,55.0,Female,Single,Finance,Manager,5,3941.0,48,8.0,12,2,1,5.0,3,87,Yes,8,37,19,1,3,3,17,4,No
136,32.0,Female,Single,Sales,Executive,4,4907.0,67,2.0,10,8,1,4.0,2,26,Yes,1,30,8,4,1,1,34,4,No
137,51.0,Male,Single,Finance,Manager,5,7837.0,22,25.0,13,9,3,1.0,3,67,No,3,54,4,4,2,4,32,3,No
138,26.0,Male,Divorced,HR,Manager,2,16680.0,32,15.0,1,8,3,4.0,4,21,Yes,7,33,6,4,3,1,47,4,No
139,41.0,Male,Single,Sales,Executive,5,8696.0,71,9.0,11,6,2,3.0,4,23,No,1,53,5,1,3,2,23,1,No
140,47.0,Female,Single,IT,Assistant,3,19226.0,19,19.0,14,9,2,3.0,3,39,Yes,1,55,16,2,2,4,35,2,No
141,21.0,Female,Married,Sales,Manager,4,16543.0,40,20.0,13,1,1,3.0,2,73,No,5,36,16,4,1,4,37,3,Yes
142,25.0,Female,Single,Sales,Manager,2,15615.0,44,8.0,2,6,2,3.0,4,65,No,9,43,12,2,3,4,43,2,No
143,47.0,Male,Divorced,Marketing,Analyst,5,4466.0,68,25.0,4,6,1,2.0,4,39,Yes,6,42,11,2,4,4,41,2,No
144,47.0,Male,Single,Sales,Assistant,4,3375.0,27,19.0,1,4,1,3.0,3,5,No,2,39,3,3,1,1,37,2,Yes
145,39.0,Female,Divorced,Sales,Manager,4,3262.0,97,5.0,3,8,4,2.0,3,17,Yes,9,52,7,3,2,2,33,1,No
146,49.0,Male,Single,Finance,Analyst,2,14580.0,43,11.0,8,2,1,2.0,3,80,Yes,6,47,4,2,2,4,25,3,No
147,30.0,Male,Single,IT,Assistant,5,13136.0,17,15.0,8,3,2,5.0,1,86,No,5,30,4,3,4,3,46,4,No
148,47.0,Male,Single,Finance,Executive,4,10833.0,72,8.0,8,0,3,2.0,1,29,Yes,5,33,12,3,4,3,37,2,Yes
149,44.0,Male,Single,Finance,Executive,4,4893.0,90,19.0,6,5,3,2.0,1,20,Yes,3,57,10,2,4,2,40,2,No
150,58.0,Female,Divorced,HR,Analyst,1,11106.0,16,23.0,6,3,2,3.0,3,61,No,6,45,7,1,1,3,21,2,No
151,52.0,Male,Divorced,Finance,Executive,4,14826.0,89,27.0,5,0,3,2.0,2,9,Yes,4,45,7,3,2,1,46,1,No
152,20.0,Male,Married,Marketing,Manager,1,4652.0,42,8.0,13,1,1,4.0,4,12,Yes,2,47,0,3,4,1,48,4,No
153,46.0,Male,Divorced,Marketing,Assistant,5,3599.0,96,26.0,9,2,3,3.0,1,75,No,3,37,12,1,4,2,38,2,No
154,32.0,Male,Single,HR,Manager,5,11792.0,91,27.0,4,8,2,1.0,2,8,Yes,9,39,4,1,2,4,40,1,No
155,22.0,Female,Married,IT,Manager,5,6637.0,90,19.0,10,7,3,3.0,3,67,Yes,9,45,7,1,3,3,34,1,No
156,58.0,Female,Married,IT,Executive,3,13355.0,16,18.0,12,6,1,2.0,1,38,No,6,52,16,2,1,3,19,2,No
157,25.0,Male,Married,Finance,Manager,5,18989.0,21,10.0,12,3,1,4.0,3,23,Yes,9,53,12,1,3,2,27,2,No
158,27.0,Male,Single,Finance,Executive,4,12290.0,40,29.0,12,0,2,3.0,2,33,Yes,4,40,8,2,4,2,9,1,Yes
159,46.0,Male,Divorced,Finance,Assistant,2,8599.0,90,7.0,7,7,2,4.0,1,60,No,5,35,1,4,1,3,5,1,No
160,28.0,Male,Single,IT,Assistant,1,17342.0,30,28.0,1,3,2,1.0,1,40,Yes,6,30,18,4,3,4,5,2,Yes
161,56.0,Male,Married,Sales,Manager,3,16945.0,37,9.0,9,2,4,1.0,1,4,Yes,9,59,19,1,2,2,25,1,No
162,52.0,Male,Single,Marketing,Analyst,5,13762.0,54,1.0,7,8,4,5.0,1,78,No,5,58,16,1,4,1,26,1,No
163,43.0,Female,Single,Sales,Executive,5,17312.0,74,19.0,10,9,1,5.0,2,49,No,8,58,6,4,1,3,19,2,Yes
164,34.0,Male,Divorced,Sales,Executive,2,10382.0,87,5.0,12,3,4,3.0,1,3,Yes,1,41,2,2,1,2,30,2,No
165,51.0,Female,Divorced,IT,Manager,2,11982.0,46,19.0,9,3,4,5.0,4,50,Yes,5,54,18,2,1,2,36,3,No
166,51.0,Female,Married,Sales,Executive,3,10707.0,29,1.0,7,8,3,4.0,4,51,No,1,35,18,1,1,2,48,4,No
167,43.0,Male,Single,HR,Executive,1,7633.0,27,15.0,2,1,4,5.0,3,38,Yes,6,57,8,1,4,3,48,2,Yes
168,31.0,Female,Single,Finance,Analyst,5,12269.0,19,16.0,6,4,3,4.0,1,7,Yes,7,42,9,1,4,1,16,2,No
169,58.0,Female,Divorced,HR,Analyst,3,16778.0,89,23.0,10,3,2,5.0,4,44,Yes,5,55,13,4,2,1,7,2,Yes
170,21.0,Female,Single,Marketing,Manager,4,10008.0,88,7.0,12,8,3,5.0,4,87,No,1,46,17,3,2,3,18,4,No
171,22.0,Female,Single,Finance,Analyst,4,18523.0,66,26.0,11,4,3,5.0,4,27,Yes,6,30,14,1,2,2,21,3,No
172,56.0,Female,Single,Sales,Manager,3,6618.0,91,12.0,4,8,2,2.0,2,26,Yes,5,37,0,2,3,3,31,1,No
173,36.0,Female,Divorced,Marketing,Assistant,5,3272.0,55,8.0,3,8,2,2.0,1,64,No,6,51,5,3,2,3,1,4,Yes
174,21.0,Male,Married,Finance,Manager,3,16007.0,67,5.0,2,1,1,5.0,2,33,No,7,37,14,2,4,2,3,2,No
175,21.0,Female,Married,Sales,Assistant,5,5547.0,64,10.0,6,8,1,4.0,2,80,No,7,53,5,3,3,3,31,2,No
176,47.0,Female,Single,HR,Manager,2,6164.0,29,28.0,8,2,1,3.0,4,61,Yes,2,40,17,4,4,4,25,3,No
177,42.0,Female,Married,Finance,Executive,3,17414.0,21,21.0,6,3,1,1.0,4,61,Yes,3,43,0,3,3,1,8,3,Yes
178,56.0,Male,Divorced,Sales,Analyst,5,17327.0,54,5.0,9,0,3,2.0,3,37,No,6,53,2,2,2,4,1,3,No
179,51.0,Female,Divorced,HR,Assistant,3,18576.0,42,17.0,14,0,3,5.0,1,25,Yes,3,39,16,3,2,4,7,1,Yes
180,52.0,Male,Married,Marketing,Manager,3,3946.0,46,26.0,5,0,1,1.0,1,23,Yes,2,44,15,4,2,4,7,4,No
181,20.0,Female,Married,Marketing,Analyst,5,17693.0,29,5.0,2,8,4,2.0,4,38,Yes,4,36,7,2,3,3,8,4,No
182,38.0,Male,Single,Marketing,Manager,5,19890.0,99,22.0,8,7,1,3.0,4,20,Yes,5,36,16,1,4,2,19,3,No
183,21.0,Male,Married,Marketing,Analyst,1,18540.0,84,15.0,9,4,4,4.0,1,93,No,9,39,7,3,1,3,17,1,No
184,45.0,Female,Single,IT,Analyst,3,9719.0,79,13.0,14,4,2,5.0,3,46,No,3,33,16,2,4,1,11,4,No
185,51.0,Female,Single,Finance,Manager,4,11435.0,18,28.0,10,8,3,3.0,4,47,Yes,3,54,8,3,2,3,47,2,No
186,25.0,Male,Divorced,Finance,Assistant,3,14350.0,25,1.0,4,2,3,2.0,3,12,No,6,57,11,4,3,3,41,2,No
187,51.0,Female,Divorced,IT,Assistant,3,6590.0,40,11.0,6,2,4,5.0,2,2,Yes,5,47,18,2,3,3,49,2,No
188,23.0,Male,Divorced,Sales,Executive,5,13064.0,75,23.0,11,6,1,1.0,4,31,Yes,6,56,3,1,2,3,11,4,No
189,30.0,Male,Divorced,Sales,Analyst,3,3390.0,51,1.0,10,8,3,4.0,2,34,No,7,54,10,1,3,4,38,3,No
190,36.0,Male,Married,Marketing,Executive,3,15668.0,37,11.0,8,5,4,2.0,4,18,No,3,39,3,3,2,2,41,2,Yes
191,57.0,Male,Divorced,HR,Executive,4,14569.0,99,18.0,9,1,2,4.0,2,13,Yes,5,48,13,4,4,1,2,3,No
192,43.0,Male,Married,Sales,Manager,5,16029.0,54,18.0,12,0,2,5.0,4,47,Yes,8,43,13,4,3,1,4,1,Yes
193,24.0,Female,Divorced,HR,Manager,3,16107.0,91,21.0,5,1,3,3.0,3,85,Yes,4,42,5,3,1,1,28,2,No
194,53.0,Male,Married,Finance,Manager,2,5560.0,37,26.0,12,0,1,4.0,3,80,Yes,2,44,16,2,3,3,33,1,No
195,25.0,Male,Single,HR,Analyst,1,8867.0,30,16.0,6,9,4,1.0,3,67,No,4,45,1,2,2,1,11,3,No
196,41.0,Female,Married,Finance,Manager,4,18284.0,75,13.0,11,9,3,2.0,2,44,No,2,31,7,3,1,4,3,4,No
197,30.0,Male,Married,IT,Manager,3,4211.0,82,7.0,4,8,2,1.0,3,18,Yes,3,58,3,2,2,2,40,3,No
198,35.0,Female,Divorced,IT,Analyst,2,12121.0,94,1.0,5,9,1,4.0,2,63,Yes,4,33,9,2,3,3,5,2,Yes
199,52.0,Female,Married,Marketing,Analyst,3,4539.0,45,26.0,7,7,4,3.0,4,65,No,4,50,6,2,1,3,21,2,No
200,28.0,Female,Single,Sales,Assistant,3,11693.0,67,16.0,9,6,3,3.0,2,78,Yes,9,47,3,3,1,4,22,3,No
201,25.0,Male,Single,Marketing,Manager,5,11921.0,39,1.0,10,2,4,1.0,4,65,No,6,58,15,1,3,1,37,2,No
202,35.0,Male,Divorced,Finance,Manager,5,13310.0,58,17.0,11,7,1,5.0,1,74,Yes,9,46,13,4,1,3,11,2,Yes
203,48.0,Male,Single,Marketing,Manager,5,15744.0,26,6.0,13,1,1,5.0,1,44,No,4,39,15,1,4,3,44,1,No
204,22.0,Female,Married,HR,Assistant,2,7386.0,23,2.0,6,1,2,3.0,1,86,Yes,9,56,8,2,1,4,22,4,No
205,39.0,Male,Single,Finance,Manager,3,15242.0,26,17.0,14,9,1,1.0,2,73,Yes,9,50,3,3,1,4,41,3,No
206,55.0,Female,Divorced,IT,Assistant,1,17257.0,83,6.0,6,2,3,1.0,1,66,Yes,6,38,5,4,4,1,13,1,No
207,38.0,Male,Married,Sales,Executive,4,11947.0,68,14.0,8,6,4,1.0,1,68,No,5,44,0,2,2,2,3,2,Yes
208,45.0,Female,Divorced,Finance,Assistant,5,16946.0,68,18.0,11,0,1,4.0,1,2,No,3,57,6,4,2,2,13,1,No
209,22.0,Male,Married,Finance,Executive,5,8930.0,42,6.0,4,7,1,5.0,4,37,Yes,5,41,0,4,4,1,28,4,No
210,38.0,Male,Single,HR,Manager,3,8402.0,70,10.0,3,6,3,5.0,3,76,Yes,3,50,18,1,1,2,11,3,No
211,39.0,Male,Divorced,Sales,Executive,3,19017.0,83,24.0,14,3,4,4.0,2,41,Yes,5,57,7,2,3,4,11,4,Yes
212,51.0,Female,Divorced,IT,Assistant,2,3507.0,91,18.0,7,4,4,2.0,1,82,Yes,5,56,2,4,4,4,21,4,No
213,26.0,Female,Married,Finance,Analyst,2,4436.0,72,27.0,5,9,2,4.0,4,39,No,2,55,0,1,3,4,21,1,No
214,52.0,Male,Divorced,Finance,Executive,5,14618.0,92,9.0,2,0,2,1.0,3,49,No,9,38,0,3,2,2,7,1,No
215,59.0,Male,Married,HR,Executive,3,11750.0,89,8.0,2,3,4,4.0,3,34,No,7,43,6,4,4,2,17,4,No
216,58.0,Female,Married,Marketing,Manager,1,19122.0,56,28.0,11,0,3,1.0,3,23,Yes,6,42,12,2,3,3,48,2,Yes
217,37.0,Female,Married,IT,Assistant,4,10354.0,52,10.0,6,0,3,3.0,4,87,Yes,5,57,0,3,1,3,14,3,No
218,59.0,Female,Married,Sales,Executive,3,14294.0,82,17.0,8,9,2,1.0,1,16,No,4,55,15,4,4,3,33,2,No
219,20.0,Male,Single,Finance,Executive,3,16840.0,67,23.0,1,0,1,5.0,3,39,Yes,8,35,13,4,3,2,11,2,No
220,30.0,Female,Married,Finance,Executive,2,7399.0,47,29.0,11,6,3,4.0,4,73,No,2,48,3,2,4,3,13,3,No
221,47.0,Male,Divorced,IT,Executive,4,8037.0,85,26.0,6,6,1,1.0,4,65,No,8,33,11,4,4,4,1,1,No
222,44.0,Female,Single,Marketing,Analyst,5,18848.0,70,6.0,12,3,3,2.0,2,43,No,1,49,11,2,2,2,34,2,No
223,42.0,Male,Divorced,Finance,Assistant,3,6715.0,86,14.0,2,1,4,3.0,4,22,No,1,46,16,2,2,1,9,1,No
224,50.0,Female,Single,IT,Manager,5,17877.0,65,22.0,2,2,2,2.0,3,5,Yes,3,48,14,2,1,2,13,3,No
225,49.0,Female,Married,HR,Manager,3,10837.0,88,22.0,7,7,1,2.0,3,65,No,5,32,9,2,2,3,37,2,No
226,54.0,Female,Single,Marketing,Analyst,5,4301.0,57,6.0,10,7,1,2.0,4,20,Yes,6,58,2,4,2,2,30,1,No
227,26.0,Female,Single,Sales,Assistant,4,10370.0,29,26.0,1,5,4,3.0,3,34,No,4,43,19,3,2,3,41,1,No
228,35.0,Female,Divorced,Finance,Executive,2,9411.0,52,7.0,6,9,3,3.0,4,28,No,7,46,19,3,3,3,45,2,No
229,45.0,Male,Divorced,IT,Analyst,4,9365.0,29,12.0,14,8,1,3.0,3,6,No,7,42,11,1,4,1,37,3,No
230,21.0,Female,Married,HR,Assistant,1,18449.0,19,3.0,7,8,3,3.0,2,92,No,2,38,0,2,2,1,47,4,No
231,20.0,Female,Single,Sales,Executive,2,3692.0,97,14.0,14,3,4,2.0,1,52,Yes,2,56,0,4,3,4,7,1,Yes
232,31.0,Female,Single,IT,Analyst,4,4478.0,68,22.0,8,0,2,5.0,2,36,Yes,2,30,9,4,4,3,14,3,No
233,24.0,Male,Single,IT,Assistant,1,9396.0,65,19.0,7,0,1,5.0,2,22,Yes,2,54,17,1,2,2,48,2,Yes
234,56.0,Female,Married,Sales,Manager,3,11448.0,24,23.0,6,9,3,3.0,1,96,Yes,9,46,14,3,2,1,6,1,No
235,51.0,Male,Married,HR,Manager,3,13622.0,26,16.0,9,4,1,4.0,3,7,No,5,45,1,4,4,1,34,1,No
236,28.0,Female,Married,HR,Assistant,5,19825.0,18,7.0,13,1,3,1.0,1,75,Yes,8,47,16,1,3,3,16,1,No
237,54.0,Female,Married,Marketing,Manager,2,13073.0,32,8.0,3,5,3,4.0,4,47,Yes,5,31,7,3,3,2,37,3,Yes
238,38.0,Male,Married,Finance,Assistant,3,5646.0,94,18.0,11,6,3,4.0,1,9,No,5,43,8,4,1,1,36,1,No
239,35.0,Female,Divorced,Sales,Executive,2,8209.0,50,25.0,6,0,4,4.0,2,78,Yes,1,51,19,2,4,1,46,1,No
240,22.0,Male,Single,Sales,Assistant,3,9533.0,39,13.0,4,5,2,5.0,1,23,Yes,6,52,10,1,1,2,6,2,No
241,39.0,Male,Single,Sales,Executive,5,10211.0,90,21.0,2,7,1,1.0,3,89,Yes,4,56,5,4,3,1,8,1,No
242,43.0,Female,Single,HR,Analyst,4,12927.0,50,9.0,1,4,2,4.0,2,46,Yes,3,46,13,1,2,2,24,3,Yes
243,52.0,Male,Single,Finance,Assistant,5,14927.0,81,10.0,12,6,3,3.0,4,52,No,6,32,0,1,1,3,3,2,No
244,43.0,Female,Single,Marketing,Analyst,1,12316.0,23,21.0,12,9,3,5.0,3,38,No,2,31,6,1,3,1,4,4,No
245,30.0,Female,Single,IT,Manager,3,15177.0,75,23.0,14,5,2,3.0,2,66,Yes,8,37,8,2,3,3,32,2,No
246,27.0,Male,Single,IT,Executive,1,13846.0,67,27.0,1,3,2,3.0,4,65,No,1,54,10,3,2,2,1,1,No
247,55.0,Male,Single,Sales,Assistant,1,10933.0,32,9.0,11,6,1,4.0,3,5,Yes,9,58,15,3,4,3,34,4,No
248,57.0,Male,Divorced,Finance,Analyst,2,8476.0,57,15.0,10,9,3,3.0,4,20,Yes,8,31,18,4,3,3,45,2,No
249,59.0,Male,Single,HR,Executive,3,16853.0,49,20.0,3,8,2,1.0,1,72,Yes,1,31,1,2,1,3,9,1,No
250,39.0,Female,Divorced,Finance,Executive,1,10928.0,77,2.0,4,9,4,3.0,1,73,No,9,55,14,3,2,4,12,2,No
251,54.0,Female,Married,Finance,Manager,4,5080.0,92,25.0,2,9,3,4.0,4,35,No,2,38,2,4,4,2,10,3,No
252,44.0,Male,Single,HR,Manager,1,9089.0,18,13.0,13,6,3,3.0,1,2,No,3,59,3,4,4,2,10,1,No
253,54.0,Female,Married,Sales,Executive,4,10797.0,55,2.0,12,4,1,5.0,4,87,No,2,49,19,1,4,2,44,3,No
254,44.0,Female,Married,Finance,Executive,2,11346.0,59,19.0,11,6,4,5.0,3,85,No,8,50,6,2,3,2,48,1,No
255,48.0,Female,Married,IT,Assistant,1,3904.0,64,26.0,11,2,1,5.0,2,77,No,2,58,11,3,4,2,23,3,No
256,37.0,Female,Divorced,HR,Executive,5,19788.0,93,2.0,14,1,4,2.0,4,41,Yes,2,56,3,2,3,1,6,4,No
257,37.0,Male,Married,Marketing,Assistant,2,12974.0,42,3.0,11,4,1,5.0,2,44,No,1,54,9,2,2,1,24,3,No
258,21.0,Male,Married,Sales,Executive,4,4184.0,56,6.0,1,3,4,5.0,2,43,Yes,7,35,5,3,2,1,24,2,No
259,54.0,Female,Married,HR,Manager,2,4725.0,94,3.0,4,4,4,2.0,4,90,Yes,2,55,13,3,4,3,21,1,No
260,35.0,Male,Single,Marketing,Assistant,1,14380.0,90,10.0,7,7,4,5.0,1,32,No,5,41,2,2,2,3,42,2,No
261,55.0,Male,Single,Marketing,Analyst,3,16057.0,83,24.0,10,3,2,4.0,3,59,Yes,5,54,16,4,1,2,31,3,No
262,52.0,Male,Divorced,Finance,Manager,3,8606.0,15,27.0,11,8,3,5.0,2,85,Yes,3,38,10,2,1,4,47,1,No
263,23.0,Female,Divorced,Finance,Assistant,4,6956.0,53,6.0,6,6,4,5.0,3,92,Yes,3,36,9,3,3,2,41,3,No
264,52.0,Female,Single,Finance,Assistant,4,19555.0,31,23.0,6,9,2,2.0,2,82,No,3,59,9,2,4,1,30,4,Yes
265,33.0,Female,Divorced,HR,Analyst,3,19081.0,49,16.0,11,6,2,4.0,4,82,No,6,41,9,3,3,2,34,4,No
266,40.0,Male,Single,HR,Assistant,4,3421.0,60,17.0,9,7,1,3.0,1,69,Yes,4,55,2,4,2,3,18,4,Yes
267,39.0,Female,Married,Sales,Executive,2,8540.0,56,19.0,14,5,3,1.0,3,82,No,3,54,14,2,4,2,12,3,No
268,27.0,Female,Married,Finance,Analyst,5,19288.0,53,3.0,2,7,3,4.0,2,76,Yes,2,34,16,4,3,1,35,3,No
269,26.0,Male,Divorced,Marketing,Manager,5,18966.0,63,18.0,4,2,1,3.0,4,25,No,3,45,17,2,4,2,7,4,Yes
270,22.0,Female,Single,IT,Manager,2,18882.0,76,7.0,5,9,3,4.0,4,85,Yes,4,34,18,2,4,3,41,3,No
271,36.0,Female,Single,Sales,Executive,5,7675.0,52,9.0,1,9,1,3.0,2,20,Yes,6,41,18,3,3,4,40,2,No
272,52.0,Male,Divorced,HR,Manager,1,12082.0,37,20.0,8,0,2,3.0,2,99,No,4,53,11,1,4,1,25,3,No
273,31.0,Male,Single,Sales,Assistant,2,16009.0,36,12.0,8,5,2,4.0,2,1,No,8,55,4,3,2,2,6,2,No
274,41.0,Male,Married,Sales,Assistant,4,9748.0,18,5.0,6,0,4,2.0,1,46,No,3,49,15,2,1,3,1,4,No
275,41.0,Female,Divorced,Sales,Executive,2,9103.0,63,3.0,12,8,1,4.0,2,29,No,3,38,14,1,1,1,46,3,No
276,49.0,Female,Divorced,Sales,Manager,3,14348.0,73,11.0,5,1,2,4.0,2,26,No,3,52,14,1,4,1,16,4,No
277,57.0,Female,Single,IT,Manager,4,12782.0,87,25.0,8,1,2,3.0,1,70,Yes,8,36,5,4,1,3,48,1,No
278,57.0,Male,Divorced,Finance,Executive,3,8882.0,82,4.0,3,6,1,1.0,4,19,Yes,4,58,11,2,4,2,4,3,No
279,27.0,Male,Single,Marketing,Analyst,4,8798.0,85,5.0,3,1,2,3.0,2,49,Yes,1,48,1,3,3,2,29,3,No
280,46.0,Female,Single,Sales,Manager,5,12627.0,16,1.0,2,9,3,5.0,3,94,No,2,49,19,1,2,2,38,4,No
281,46.0,Female,Single,Sales,Analyst,2,11415.0,63,27.0,5,7,2,4.0,4,22,No,2,52,8,1,1,1,47,4,No
282,53.0,Male,Single,Sales,Manager,1,15466.0,45,28.0,3,5,1,4.0,3,12,Yes,3,40,3,3,3,4,28,4,No
283,40.0,Male,Single,Finance,Manager,4,12846.0,54,29.0,3,6,3,2.0,2,80,Yes,6,56,4,3,2,1,22,1,No
284,49.0,Male,Divorced,HR,Manager,4,15720.0,62,18.0,6,6,3,3.0,1,3,Yes,8,59,7,1,1,2,8,1,No
285,52.0,Male,Married,HR,Manager,3,12145.0,65,12.0,8,5,2,2.0,1,13,Yes,1,50,9,3,1,1,32,4,Yes
286,47.0,Female,Married,IT,Assistant,5,7524.0,57,13.0,2,9,4,4.0,1,19,No,9,41,6,4,2,4,33,3,No
287,52.0,Male,Divorced,HR,Analyst,3,9559.0,69,9.0,4,8,3,3.0,2,12,Yes,1,32,13,1,3,1,13,3,No
288,24.0,Female,Divorced,Sales,Analyst,3,10620.0,63,2.0,11,8,1,3.0,2,2,No,2,46,4,4,3,3,27,4,No
289,38.0,Female,Married,Sales,Manager,5,6124.0,94,5.0,7,6,4,5.0,3,89,Yes,3,36,15,2,1,2,18,2,No
290,23.0,Female,Married,Sales,Manager,1,11671.0,71,13.0,1,8,4,5.0,1,89,No,7,51,14,4,2,2,18,1,Yes
291,54.0,Male,Married,IT,Analyst,3,14706.0,91,16.0,1,9,3,1.0,2,81,No,9,39,4,3,3,2,13,1,Yes
292,36.0,Male,Married,Sales,Assistant,3,15070.0,29,16.0,12,2,2,5.0,4,95,No,3,52,2,1,2,1,22,2,No
293,47.0,Male,Married,HR,Executive,4,11134.0,41,24.0,13,2,4,3.0,2,77,No,8,44,9,4,2,1,14,4,No
294,49.0,Male,Single,Finance,Executive,5,3924.0,82,3.0,10,0,2,5.0,2,46,Yes,9,59,4,3,1,1,11,3,No
295,48.0,Female,Divorced,Finance,Analyst,2,8506.0,94,22.0,7,4,3,1.0,4,2,Yes,7,31,14,3,2,2,39,3,No
296,25.0,Male,Single,Marketing,Manager,1,16650.0,78,4.0,14,3,1,4.0,1,0,Yes,4,42,17,4,2,1,22,1,No
297,54.0,Male,Married,HR,Manager,1,5395.0,44,11.0,7,1,4,5.0,4,89,No,4,57,7,1,4,2,36,2,No
298,56.0,Female,Married,Sales,Assistant,5,18310.0,50,23.0,1,8,1,3.0,1,23,Yes,4,33,1,4,2,1,17,3,No
299,43.0,Male,Married,Finance,Executive,4,11226.0,81,26.0,1,2,2,4.0,4,34,Yes,6,47,7,2,3,2,32,1,No
300,48.0,Female,Single,HR,Assistant,4,14781.0,63,14.0,4,7,2,3.0,3,13,Yes,4,53,7,4,1,3,14,3,No
301,50.0,Female,Single,Finance,Executive,5,8515.0,90,29.0,5,5,1,4.0,1,66,No,5,52,3,4,1,1,42,3,Yes
302,54.0,Female,Married,Sales,Analyst,4,6365.0,69,3.0,5,4,3,3.0,2,12,No,9,30,18,1,2,2,29,3,No
303,52.0,Female,Single,Finance,Executive,1,19972.0,99,16.0,4,0,3,5.0,3,46,No,7,31,17,4,2,3,6,1,No
304,40.0,Female,Single,Marketing,Assistant,1,14410.0,70,22.0,8,3,4,5.0,1,49,Yes,8,31,0,3,3,3,4,2,No
305,51.0,Female,Married,Marketing,Assistant,2,12095.0,82,15.0,7,2,4,1.0,1,77,Yes,5,33,19,1,4,4,11,4,No
306,42.0,Female,Single,Finance,Assistant,5,13361.0,58,28.0,9,0,3,4.0,1,84,Yes,5,32,14,3,1,1,45,2,No
307,52.0,Female,Divorced,HR,Analyst,3,11531.0,45,10.0,7,4,3,1.0,4,25,No,7,46,17,1,4,2,40,3,Yes
308,22.0,Male,Divorced,HR,Executive,3,7270.0,72,9.0,10,5,1,2.0,1,2,Yes,8,57,11,2,3,4,10,2,Yes
309,37.0,Male,Divorced,HR,Executive,2,12906.0,67,11.0,1,1,2,5.0,2,50,No,9,43,0,2,1,1,28,3,No
310,44.0,Male,Divorced,Finance,Assistant,2,19940.0,98,16.0,13,2,2,4.0,1,39,No,2,31,6,2,3,3,11,1,No
311,50.0,Male,Married,HR,Executive,4,14279.0,93,10.0,14,5,4,1.0,2,67,No,3,45,18,4,2,1,35,1,No
312,22.0,Female,Married,Sales,Manager,2,8452.0,37,17.0,7,3,3,1.0,2,35,No,2,40,0,2,3,2,15,1,No
313,59.0,Male,Married,Marketing,Manager,2,9477.0,42,19.0,1,8,1,2.0,2,50,Yes,7,54,6,1,2,3,8,3,No
314,43.0,Female,Divorced,Sales,Manager,3,9470.0,30,2.0,7,4,4,1.0,3,0,Yes,2,42,1,2,4,4,20,2,No
315,51.0,Male,Divorced,HR,Executive,4,5062.0,51,24.0,10,3,1,3.0,2,32,No,2,30,6,1,1,1,21,4,No
316,41.0,Male,Single,Sales,Analyst,2,12030.0,35,23.0,8,1,3,5.0,4,6,Yes,2,54,18,3,1,1,1,4,Yes
317,42.0,Male,Single,HR,Analyst,2,4813.0,93,2.0,11,5,3,1.0,1,51,No,4,52,12,4,4,4,29,1,Yes
318,21.0,Female,Divorced,Finance,Analyst,4,14671.0,31,6.0,9,9,3,1.0,4,10,Yes,1,31,4,3,2,1,24,4,No
319,46.0,Male,Divorced,Sales,Analyst,5,17308.0,51,19.0,12,1,2,2.0,3,26,Yes,2,31,18,3,1,1,30,3,No
320,21.0,Female,Divorced,Finance,Manager,4,5313.0,91,8.0,3,6,3,3.0,1,13,No,3,50,0,2,3,1,40,2,No
321,45.0,Female,Divorced,Finance,Manager,3,12706.0,33,26.0,4,2,4,1.0,2,85,No,7,58,0,2,2,3,35,4,No
322,36.0,Male,Single,IT,Assistant,5,12837.0,44,29.0,4,8,2,5.0,1,79,No,1,34,17,2,1,3,33,4,No
323,59.0,Male,Divorced,HR,Executive,1,8831.0,59,3.0,12,4,1,5.0,3,45,No,6,33,0,3,3,2,20,2,No
324,52.0,Male,Single,Marketing,Executive,4,7056.0,32,26.0,9,7,4,1.0,3,75,Yes,3,41,4,4,3,1,16,4,No
325,28.0,Female,Divorced,HR,Analyst,3,3305.0,92,14.0,13,5,4,3.0,4,9,No,3,55,8,4,1,2,9,2,Yes
326,58.0,Male,Divorced,Marketing,Manager,5,17347.0,76,25.0,7,9,1,5.0,1,23,Yes,4,55,11,3,4,3,31,3,Yes
327,48.0,Female,Divorced,HR,Analyst,4,4689.0,50,16.0,3,7,2,5.0,1,60,No,4,58,8,4,4,1,17,3,No
328,45.0,Female,Single,Finance,Assistant,2,6917.0,98,1.0,10,2,4,3.0,1,17,Yes,7,57,17,3,1,2,31,3,No
329,54.0,Male,Single,Sales,Executive,4,5936.0,66,21.0,5,2,4,3.0,4,85,No,3,32,10,3,3,1,48,1,Yes
330,44.0,Male,Married,Sales,Executive,1,6862.0,33,3.0,7,4,4,1.0,3,8,Yes,8,49,0,4,4,1,23,3,Yes
331,43.0,Female,Divorced,IT,Analyst,4,17506.0,58,22.0,8,9,2,4.0,2,16,Yes,8,39,18,1,4,4,6,4,No
332,32.0,Female,Married,Marketing,Assistant,5,17318.0,21,26.0,1,2,2,2.0,1,57,Yes,7,49,9,1,4,2,30,1,No
333,26.0,Female,Married,Marketing,Executive,5,18300.0,58,18.0,12,7,2,4.0,4,12,No,2,47,1,2,2,3,7,1,No
334,55.0,Male,Single,Marketing,Assistant,4,8649.0,82,9.0,2,9,4,4.0,4,49,No,5,50,6,4,4,2,48,1,Yes
335,39.0,Female,Single,Finance,Assistant,5,18674.0,48,6.0,7,7,3,5.0,2,5,No,6,50,19,2,1,2,40,3,No
336,20.0,Male,Married,Marketing,Analyst,2,8560.0,80,23.0,11,1,1,3.0,3,84,No,4,50,1,3,1,2,42,1,No
337,27.0,Female,Divorced,Sales,Manager,4,18451.0,83,21.0,13,3,3,5.0,1,50,Yes,5,56,18,1,2,4,46,3,No
338,35.0,Female,Single,Finance,Analyst,2,4079.0,69,25.0,14,9,2,2.0,1,35,Yes,9,56,5,4,2,1,11,3,No
339,33.0,Male,Divorced,HR,Manager,2,16983.0,24,1.0,13,0,4,1.0,4,70,Yes,7,39,9,4,1,3,34,1,No
340,31.0,Female,Divorced,Marketing,Assistant,3,18327.0,56,21.0,2,3,4,2.0,3,99,No,2,30,8,4,2,4,12,1,No
341,42.0,Male,Married,Marketing,Manager,4,15755.0,55,27.0,7,3,3,5.0,1,24,Yes,1,35,7,1,4,3,45,4,No
342,34.0,Male,Married,HR,Assistant,5,10235.0,91,10.0,9,9,3,5.0,2,10,Yes,2,40,10,2,3,4,47,1,No
343,47.0,Female,Married,Marketing,Executive,2,5031.0,83,27.0,11,8,1,5.0,3,43,No,3,31,8,1,3,1,27,3,No
344,53.0,Male,Married,HR,Executive,3,11514.0,24,6.0,2,2,4,5.0,3,13,No,2,36,19,2,3,3,12,4,No
345,21.0,Male,Single,Finance,Executive,4,12095.0,24,23.0,7,1,3,4.0,4,28,Yes,3,49,19,3,1,2,13,4,No
346,51.0,Female,Single,Sales,Analyst,4,17287.0,74,12.0,4,8,1,1.0,4,73,No,9,50,8,3,2,4,8,3,No
347,42.0,Male,Married,HR,Analyst,1,8911.0,65,4.0,11,8,2,4.0,1,49,No,4,50,7,2,3,3,16,1,No
348,41.0,Male,Single,IT,Assistant,1,14695.0,35,28.0,13,0,3,5.0,4,4,No,9,50,14,3,4,1,29,1,No
349,44.0,Male,Married,HR,Executive,2,6340.0,22,13.0,2,5,2,3.0,3,71,No,3,47,1,3,4,3,35,2,Yes
350,41.0,Female,Divorced,Marketing,Analyst,1,10876.0,79,17.0,13,9,1,4.0,1,68,Yes,1,50,0,4,4,4,29,1,Yes
351,41.0,Male,Divorced,Finance,Executive,2,18896.0,92,27.0,7,7,2,5.0,1,87,Yes,5,48,8,4,2,1,31,2,No
352,25.0,Female,Divorced,Finance,Analyst,5,15435.0,99,8.0,13,2,4,5.0,3,56,Yes,2,33,8,1,3,2,13,4,No
353,34.0,Female,Married,HR,Manager,2,4141.0,44,26.0,5,8,4,1.0,1,25,Yes,4,42,12,1,4,4,12,4,No
354,56.0,Male,Divorced,Sales,Manager,1,12281.0,99,20.0,1,1,2,2.0,2,5,Yes,2,47,7,1,2,4,2,4,No
355,52.0,Male,Single,IT,Executive,5,5038.0,63,3.0,5,5,4,4.0,2,15,No,2,49,4,4,4,1,33,2,No
356,27.0,Male,Divorced,Finance,Assistant,1,7270.0,23,12.0,12,0,1,4.0,1,59,Yes,3,58,2,1,3,4,8,3,No
357,24.0,Female,Divorced,Marketing,Analyst,2,13046.0,31,7.0,12,6,4,4.0,4,99,Yes,5,54,3,1,3,3,41,3,No
358,58.0,Male,Divorced,Marketing,Analyst,3,7683.0,83,12.0,3,2,2,5.0,2,11,No,4,53,16,4,3,2,40,4,Yes
359,23.0,Male,Single,Sales,Manager,4,19878.0,72,2.0,7,6,2,1.0,1,74,No,2,42,15,2,3,3,49,2,No
360,25.0,Male,Married,Finance,Manager,1,10116.0,71,24.0,6,3,2,5.0,2,2,No,2,59,15,4,3,1,41,2,No
361,51.0,Male,Single,HR,Assistant,2,4784.0,76,14.0,8,8,3,5.0,4,62,Yes,6,56,19,2,4,4,32,4,Yes
362,49.0,Male,Married,Marketing,Assistant,5,6786.0,66,22.0,13,4,2,3.0,3,63,No,7,57,2,4,3,2,38,1,No
363,54.0,Female,Married,Sales,Assistant,1,12190.0,75,23.0,5,2,1,1.0,1,61,No,6,48,5,1,4,1,28,4,No
364,59.0,Female,Divorced,Finance,Executive,1,8428.0,54,5.0,2,7,4,4.0,1,5,No,7,46,0,3,3,3,15,2,No
365,35.0,Male,Married,Finance,Manager,4,9681.0,52,9.0,9,5,4,2.0,1,18,Yes,1,30,15,3,4,4,23,1,No
366,32.0,Male,Single,Finance,Executive,2,9893.0,57,21.0,14,1,3,4.0,1,17,No,6,35,14,2,3,4,24,3,Yes
367,49.0,Male,Single,Finance,Manager,3,15661.0,77,11.0,11,2,3,5.0,1,79,No,3,48,6,2,4,1,13,1,Yes
368,38.0,Male,Married,Finance,Manager,5,17892.0,33,5.0,8,7,1,1.0,1,86,Yes,1,49,1,2,3,3,21,3,No
369,36.0,Female,Divorced,Marketing,Analyst,2,12643.0,64,3.0,6,9,2,1.0,4,42,No,8,30,9,3,2,4,12,2,No
370,38.0,Male,Divorced,Sales,Manager,5,12943.0,47,27.0,13,6,3,1.0,3,72,Yes,4,37,14,2,4,3,13,4,No
371,47.0,Female,Single,Finance,Manager,1,13472.0,27,17.0,10,9,4,3.0,4,2,Yes,8,46,5,4,2,2,39,4,No
372,45.0,Female,Divorced,IT,Executive,4,15992.0,92,2.0,7,5,3,4.0,4,71,No,4,50,1,4,4,4,23,4,No
373,56.0,Male,Married,IT,Manager,4,14126.0,76,24.0,9,0,3,3.0,3,37,Yes,4,51,16,3,4,2,46,4,Yes
374,45.0,Female,Married,Sales,Executive,3,9869.0,57,1.0,7,8,2,2.0,4,67,No,4,44,0,4,4,4,43,4,No
375,42.0,Female,Single,HR,Assistant,4,10669.0,63,7.0,3,2,3,5.0,2,75,No,6,47,0,2,1,1,28,2,No
376,28.0,Female,Married,HR,Manager,1,14538.0,50,14.0,6,4,1,3.0,4,43,No,9,36,3,3,3,4,14,2,No
377,31.0,Female,Single,HR,Manager,3,13065.0,24,5.0,11,6,4,3.0,1,94,No,5,45,19,2,2,4,17,4,Yes
378,20.0,Male,Married,IT,Executive,2,13171.0,20,19.0,13,6,2,5.0,2,88,Yes,8,36,15,4,2,3,24,1,No
379,20.0,Male,Single,HR,Assistant,4,5962.0,71,28.0,11,2,4,1.0,2,79,No,8,46,7,2,4,3,34,4,Yes
380,53.0,Female,Divorced,Marketing,Analyst,3,16851.0,15,28.0,7,3,1,5.0,3,62,No,4,33,0,3,2,2,48,3,No
381,51.0,Male,Married,Finance,Assistant,1,15979.0,85,11.0,2,9,1,4.0,4,41,No,9,41,18,2,2,2,22,3,No
382,44.0,Male,Married,IT,Executive,5,8296.0,72,23.0,3,6,3,5.0,4,63,Yes,9,42,10,4,2,2,10,3,Yes
383,59.0,Male,Single,Sales,Assistant,5,17745.0,35,25.0,4,7,3,1.0,2,53,Yes,5,33,16,1,2,4,8,3,No
384,20.0,Male,Single,Sales,Executive,1,8730.0,94,2.0,10,1,3,5.0,4,77,No,6,50,9,3,1,4,21,4,No
385,35.0,Male,Married,Finance,Executive,1,16921.0,70,8.0,6,8,4,3.0,4,76,Yes,5,30,11,2,4,2,37,3,No
386,58.0,Female,Single,IT,Analyst,5,3126.0,34,9.0,1,6,1,2.0,3,70,Yes,3,30,8,3,2,1,7,1,No
387,24.0,Male,Married,HR,Manager,3,8602.0,68,27.0,9,7,2,3.0,2,75,No,8,36,6,2,1,1,26,4,No
388,41.0,Male,Divorced,HR,Executive,5,15581.0,39,3.0,5,5,3,2.0,1,36,No,9,38,11,1,1,4,13,3,No
389,48.0,Male,Single,Marketing,Executive,1,18997.0,42,2.0,13,5,4,5.0,2,3,No,4,30,14,4,4,1,16,4,Yes
390,22.0,Male,Married,Marketing,Analyst,4,12211.0,19,7.0,12,8,3,4.0,3,1,No,9,45,7,2,3,1,30,4,No
391,31.0,Female,Divorced,HR,Executive,2,17997.0,35,5.0,14,3,1,5.0,3,98,No,9,47,16,2,3,2,31,4,Yes
392,45.0,Female,Divorced,Sales,Manager,4,9671.0,32,21.0,7,4,2,1.0,3,43,Yes,7,51,4,1,3,1,5,2,No
393,35.0,Female,Married,Sales,Analyst,4,15271.0,61,26.0,9,8,1,5.0,4,66,No,8,44,13,3,2,1,32,3,No
394,56.0,Female,Single,Marketing,Manager,1,11876.0,84,5.0,9,0,4,2.0,2,67,No,3,35,1,4,4,4,16,2,Yes
395,41.0,Male,Married,Finance,Manager,5,5887.0,71,20.0,1,3,3,3.0,4,75,No,5,31,15,2,3,4,47,1,Yes
396,48.0,Female,Divorced,HR,Analyst,3,12654.0,33,13.0,1,6,1,4.0,4,82,No,3,38,16,2,2,4,9,1,No
397,33.0,Male,Married,Marketing,Executive,4,7086.0,79,21.0,3,8,4,5.0,2,73,No,7,33,2,4,4,1,22,2,No
398,47.0,Male,Single,Marketing,Manager,5,7180.0,17,29.0,6,9,3,5.0,3,61,Yes,6,42,0,1,2,2,44,3,No
399,24.0,Male,Divorced,HR,Manager,3,5841.0,56,20.0,2,5,2,3.0,1,0,No,3,52,17,3,3,3,40,4,No
400,49.0,Male,Married,HR,Manager,4,9040.0,35,29.0,10,7,1,4.0,1,16,Yes,9,51,17,4,3,4,45,1,No
401,24.0,Male,Single,Sales,Manager,3,13304.0,54,6.0,12,8,3,5.0,2,15,No,1,40,3,3,1,4,37,1,No
402,31.0,Female,Divorced,Finance,Analyst,5,7758.0,81,20.0,11,9,3,5.0,2,8,No,3,42,14,1,1,4,14,1,No
403,35.0,Female,Single,Finance,Analyst,2,19234.0,39,18.0,1,3,3,2.0,3,52,No,7,40,18,1,4,2,16,3,No
404,45.0,Female,Divorced,HR,Assistant,5,8014.0,69,25.0,1,0,3,2.0,2,72,Yes,3,48,18,4,2,3,43,2,Yes
405,45.0,Female,Married,IT,Assistant,1,4375.0,98,2.0,13,7,1,1.0,2,58,No,3,37,9,2,2,3,20,2,No
406,40.0,Male,Single,Marketing,Manager,3,4181.0,66,25.0,5,1,3,3.0,3,8,No,2,36,4,1,3,4,44,3,No
407,58.0,Female,Divorced,Marketing,Executive,2,3490.0,58,26.0,4,0,4,4.0,3,11,No,9,54,18,1,3,1,15,1,Yes
408,55.0,Male,Single,HR,Manager,3,6729.0,99,6.0,1,6,1,5.0,4,40,No,4,45,10,4,4,4,44,3,Yes
409,52.0,Female,Single,IT,Executive,3,8974.0,70,9.0,4,9,3,5.0,2,14,No,6,32,6,4,1,4,26,3,No
410,49.0,Male,Married,Sales,Manager,4,4882.0,69,25.0,3,8,1,1.0,1,65,No,2,46,4,4,3,1,9,2,No
411,56.0,Male,Single,HR,Assistant,1,5987.0,84,3.0,2,8,4,5.0,2,74,No,9,47,19,1,2,1,1,3,Yes
412,42.0,Female,Divorced,HR,Assistant,3,8585.0,91,1.0,9,2,4,3.0,1,10,Yes,7,57,11,3,3,4,35,3,Yes
413,29.0,Male,Divorced,Marketing,Executive,5,6159.0,87,1.0,14,5,1,1.0,1,7,No,5,56,18,1,1,2,44,1,Yes
414,24.0,Male,Divorced,HR,Manager,5,7530.0,95,19.0,11,6,3,3.0,1,54,No,7,44,14,4,2,2,20,4,No
415,55.0,Female,Divorced,HR,Executive,4,4073.0,80,5.0,1,9,3,1.0,4,95,No,4,57,11,2,1,1,45,1,No
416,53.0,Male,Married,HR,Assistant,1,16743.0,33,13.0,7,8,4,5.0,3,5,Yes,7,46,3,2,4,4,6,2,No
417,50.0,Female,Single,Marketing,Manager,1,5693.0,97,19.0,14,1,3,1.0,3,52,Yes,2,40,11,4,4,2,42,4,Yes
418,29.0,Female,Married,Sales,Manager,5,12562.0,21,12.0,13,7,4,2.0,4,19,No,7,34,17,2,1,4,10,1,No
419,38.0,Female,Single,Sales,Executive,2,7340.0,77,16.0,4,6,3,4.0,3,38,Yes,4,45,16,1,2,4,48,3,Yes
420,51.0,Male,Single,HR,Analyst,4,5156.0,56,25.0,5,3,4,5.0,4,98,No,4,44,18,3,1,4,33,3,No
421,20.0,Male,Single,Marketing,Executive,4,19184.0,56,25.0,10,1,2,4.0,2,71,No,1,39,15,1,3,2,16,4,No
422,24.0,Male,Married,Sales,Assistant,5,10966.0,73,19.0,5,7,3,5.0,4,33,Yes,3,43,10,4,3,3,36,4,No
423,23.0,Female,Single,Sales,Assistant,5,5580.0,34,3.0,1,4,3,4.0,3,56,No,5,31,1,1,1,4,6,3,No
424,35.0,Male,Married,Sales,Assistant,2,10257.0,87,12.0,6,5,3,2.0,3,18,Yes,5,45,15,2,3,2,19,2,Yes
425,43.0,Female,Divorced,Marketing,Assistant,2,5159.0,31,5.0,13,6,1,4.0,2,70,Yes,2,48,0,1,1,3,31,1,No
426,35.0,Female,Divorced,Marketing,Assistant,1,19172.0,41,2.0,9,9,3,1.0,4,30,Yes,4,37,16,3,3,1,2,3,No
427,21.0,Male,Single,HR,Analyst,4,16900.0,61,22.0,2,0,1,4.0,2,81,No,1,44,17,2,1,2,18,1,No
428,47.0,Female,Married,Finance,Manager,4,14440.0,16,7.0,7,7,1,5.0,1,39,No,9,39,12,3,3,3,42,1,No
429,51.0,Male,Divorced,Sales,Executive,5,17678.0,77,13.0,6,3,4,3.0,4,13,No,1,59,4,3,2,2,28,1,No
430,46.0,Male,Married,Finance,Executive,1,17436.0,76,25.0,5,8,1,4.0,2,99,No,6,34,5,3,2,3,4,1,No
431,39.0,Male,Married,Marketing,Assistant,4,15021.0,33,15.0,4,0,1,4.0,2,80,No,7,49,0,1,3,3,1,2,No
432,43.0,Male,Single,Marketing,Executive,1,9772.0,31,22.0,4,1,2,4.0,3,36,No,3,45,9,1,1,2,47,2,No
433,31.0,Male,Divorced,Marketing,Assistant,1,4627.0,83,3.0,6,5,3,5.0,4,43,No,1,50,4,1,3,1,42,2,No
434,54.0,Female,Single,Finance,Analyst,5,,53,28.0,4,9,1,4.0,1,8,Yes,7,55,0,1,4,4,16,3,Yes
435,52.0,Female,Single,Marketing,Analyst,1,11219.0,96,21.0,5,0,3,5.0,1,57,No,3,51,10,2,4,3,45,3,No
436,52.0,Female,Divorced,HR,Manager,2,12713.0,85,20.0,13,3,1,5.0,4,19,No,6,41,6,1,1,4,47,3,No
437,56.0,Male,Divorced,Marketing,Analyst,2,11488.0,95,5.0,6,7,4,3.0,4,91,No,6,52,17,2,3,1,2,2,No
438,31.0,Male,Married,IT,Analyst,3,5181.0,53,24.0,5,9,2,1.0,2,49,Yes,4,59,19,3,3,4,36,1,No
439,22.0,Male,Divorced,Finance,Manager,5,,50,8.0,7,4,1,5.0,3,19,Yes,6,42,9,2,2,4,1,2,Yes
440,20.0,Female,Married,IT,Executive,3,10164.0,54,22.0,9,8,3,2.0,3,35,Yes,4,38,14,4,1,2,39,3,No
441,52.0,Male,Married,Marketing,Assistant,2,3901.0,59,1.0,10,5,4,4.0,3,26,No,8,46,3,1,4,2,23,4,No
442,59.0,Female,Married,HR,Assistant,3,12290.0,18,8.0,7,0,3,2.0,4,71,Yes,9,49,15,4,4,1,26,3,No
443,29.0,Female,Divorced,Sales,Executive,5,5881.0,39,24.0,7,5,4,4.0,3,31,Yes,2,57,14,2,1,2,11,1,No
444,48.0,Male,Single,Marketing,Manager,5,16058.0,83,18.0,4,5,2,3.0,2,0,No,7,41,14,1,4,3,42,2,No
445,32.0,Male,Married,HR,Executive,1,8622.0,44,20.0,1,5,4,5.0,4,16,No,9,54,11,4,1,1,1,4,No
446,31.0,Female,Single,Finance,Analyst,4,4378.0,90,28.0,14,7,3,1.0,4,8,No,9,34,7,1,4,2,11,4,No
447,50.0,Male,Single,IT,Manager,1,8650.0,82,16.0,8,5,3,5.0,3,83,Yes,5,53,7,2,4,2,24,1,No
448,21.0,Female,Divorced,IT,Manager,5,15433.0,43,18.0,4,4,1,4.0,1,44,No,1,41,17,4,1,1,10,2,No
449,54.0,Male,Single,IT,Manager,2,12456.0,87,20.0,1,1,4,1.0,1,95,No,6,30,5,2,1,3,14,4,No
450,42.0,Male,Single,Finance,Assistant,2,10036.0,82,12.0,5,3,3,5.0,2,65,No,8,49,4,4,4,1,14,3,No
451,36.0,Female,Divorced,HR,Executive,1,9487.0,65,,14,9,1,1.0,3,31,No,1,57,1,3,4,2,7,1,No
452,45.0,Male,Married,Finance,Manager,5,7248.0,38,13.0,14,4,2,4.0,3,44,No,2,45,11,3,2,2,23,4,Yes
453,27.0,Female,Single,IT,Manager,2,7603.0,28,10.0,8,9,3,3.0,4,8,No,1,59,3,3,3,1,43,1,No
454,48.0,Male,Divorced,Marketing,Manager,5,15632.0,83,7.0,4,3,1,3.0,4,29,Yes,5,41,12,3,1,3,22,2,No
455,45.0,Female,Single,Sales,Executive,2,3220.0,32,25.0,13,1,3,5.0,3,83,No,2,38,16,3,1,3,36,2,No
456,29.0,Female,Single,Finance,Assistant,5,17226.0,56,14.0,12,6,4,2.0,4,37,Yes,4,42,15,2,3,4,27,2,Yes
457,45.0,Male,Married,Finance,Analyst,3,7818.0,71,24.0,8,9,1,4.0,3,59,Yes,1,46,8,3,2,3,2,3,No
458,53.0,Female,Single,HR,Assistant,5,10349.0,97,16.0,8,9,4,5.0,2,0,No,7,46,0,2,4,1,39,4,No
459,26.0,Male,Divorced,HR,Manager,5,8618.0,26,15.0,3,1,2,5.0,4,4,Yes,8,33,14,3,4,3,46,2,No
460,23.0,Male,Single,Finance,Assistant,1,12856.0,96,12.0,9,0,4,3.0,3,62,Yes,5,43,11,1,2,3,19,3,No
461,30.0,Male,Married,IT,Assistant,3,7576.0,31,9.0,3,4,1,1.0,4,98,Yes,2,48,4,3,2,4,7,2,No
462,48.0,Female,Married,Sales,Analyst,4,18207.0,44,8.0,1,0,3,4.0,2,35,No,8,36,17,1,3,3,12,2,No
463,55.0,Female,Divorced,HR,Executive,1,4462.0,89,18.0,2,0,1,1.0,4,64,Yes,1,56,19,2,3,4,3,4,No
464,44.0,Male,Married,IT,Executive,4,18905.0,37,23.0,6,0,4,4.0,3,77,Yes,7,32,1,3,4,4,47,3,No
465,40.0,Male,Single,Marketing,Assistant,2,19252.0,95,18.0,12,5,4,2.0,4,72,Yes,1,30,3,4,2,3,5,2,No
466,55.0,Female,Married,HR,Assistant,4,11236.0,15,13.0,10,8,3,3.0,4,93,Yes,6,41,14,2,2,2,8,3,No
467,29.0,Male,Divorced,IT,Executive,5,10813.0,93,28.0,2,9,2,2.0,3,23,No,6,44,5,3,4,1,14,3,Yes
468,56.0,Male,Married,IT,Executive,4,5068.0,46,27.0,6,0,1,5.0,1,3,No,5,40,11,2,4,1,36,2,Yes
469,28.0,Female,Married,Sales,Analyst,1,8753.0,23,18.0,14,4,3,3.0,4,77,Yes,2,39,17,4,4,3,7,2,No
470,43.0,Male,Married,Sales,Manager,1,10237.0,29,15.0,1,8,3,5.0,4,88,No,2,31,19,3,4,1,7,1,No
471,54.0,Female,Divorced,Marketing,Assistant,4,17175.0,42,4.0,11,8,3,2.0,2,67,No,9,55,3,4,4,1,46,4,No
472,54.0,Male,Married,IT,Executive,1,9191.0,38,17.0,13,0,1,4.0,1,24,Yes,5,58,0,3,3,4,32,2,No
473,55.0,Female,Married,IT,Assistant,1,17622.0,74,5.0,1,7,1,5.0,2,73,No,5,33,14,1,4,2,8,1,No
474,37.0,Male,Single,Sales,Assistant,4,4001.0,49,22.0,5,0,1,1.0,3,98,No,7,46,17,2,2,1,12,4,No
475,58.0,Male,Divorced,HR,Executive,3,17877.0,41,16.0,10,7,2,4.0,3,6,Yes,6,46,13,4,1,2,10,2,No
476,51.0,Female,Married,HR,Analyst,3,13232.0,97,9.0,13,0,3,4.0,2,12,Yes,2,57,2,2,3,1,14,3,No
477,43.0,Male,Divorced,Finance,Assistant,2,7476.0,90,10.0,11,4,4,2.0,4,67,No,1,59,14,4,2,2,9,4,No
478,42.0,Female,Married,Sales,Analyst,1,19862.0,34,24.0,9,7,4,2.0,1,42,No,5,37,4,2,1,2,38,3,No
479,51.0,Male,Married,Finance,Executive,4,3515.0,79,18.0,14,5,3,3.0,2,56,No,4,52,2,2,3,1,30,1,No
480,56.0,Female,Married,Sales,Manager,1,15478.0,99,17.0,8,8,4,3.0,2,35,No,3,43,6,2,4,4,5,2,Yes
481,31.0,Female,Single,Marketing,Manager,5,4191.0,63,18.0,3,0,2,1.0,3,13,Yes,2,53,5,1,3,2,1,1,No
482,32.0,Female,Single,IT,Assistant,1,13860.0,15,7.0,3,8,2,4.0,4,81,Yes,2,58,0,3,4,2,1,2,Yes
483,42.0,Female,Single,Marketing,Executive,1,16448.0,24,4.0,1,0,1,1.0,1,71,Yes,4,33,18,1,4,1,20,2,No
484,44.0,Male,Divorced,Sales,Analyst,3,9297.0,61,26.0,14,9,1,1.0,2,95,Yes,2,35,6,2,4,2,49,3,No
485,54.0,Male,Divorced,IT,Assistant,4,19655.0,73,5.0,3,9,1,2.0,1,26,Yes,4,58,3,4,1,2,11,1,Yes
486,49.0,Female,Single,HR,Executive,1,11334.0,76,28.0,14,2,1,1.0,1,36,No,3,48,11,2,3,4,26,3,No
487,36.0,Female,Divorced,HR,Executive,3,9008.0,32,23.0,12,0,1,1.0,2,86,No,9,56,19,3,4,2,44,3,No
488,39.0,Female,Married,Finance,Analyst,2,10987.0,60,16.0,12,2,4,5.0,1,70,Yes,7,58,17,1,2,4,3,3,No
489,44.0,Male,Married,Sales,Assistant,3,6332.0,46,3.0,12,1,4,3.0,3,75,Yes,3,53,8,3,3,2,6,1,Yes
490,41.0,Male,Married,Sales,Executive,3,3787.0,41,26.0,13,1,1,3.0,4,24,Yes,8,33,18,4,2,2,43,2,No
491,32.0,Male,Single,HR,Executive,3,9222.0,32,18.0,11,8,2,4.0,4,66,No,9,32,3,3,1,4,45,2,No
492,38.0,Male,Divorced,Marketing,Executive,1,12873.0,53,29.0,1,7,4,3.0,4,89,No,7,49,0,1,1,4,11,1,No
493,55.0,Female,Single,IT,Analyst,1,6676.0,63,23.0,8,0,2,4.0,3,3,No,6,35,8,4,3,3,8,2,Yes
494,31.0,Female,Divorced,Marketing,Assistant,2,5572.0,96,21.0,1,3,2,5.0,3,99,Yes,4,56,14,3,1,2,29,1,No
495,38.0,Female,Married,Marketing,Assistant,5,9915.0,58,14.0,5,0,3,3.0,3,78,Yes,5,52,7,1,1,4,10,1,No
496,31.0,Male,Single,HR,Assistant,5,8033.0,86,15.0,9,0,3,5.0,4,95,Yes,8,36,14,1,3,2,34,2,No
497,28.0,Male,Divorced,HR,Assistant,5,10788.0,68,17.0,7,3,1,3.0,1,92,Yes,3,43,14,2,2,2,24,4,No
498,26.0,Male,Divorced,HR,Manager,2,18689.0,48,1.0,4,1,2,3.0,3,73,Yes,2,41,17,3,4,2,46,3,No
499,47.0,Female,Married,Finance,Manager,5,14452.0,85,25.0,11,2,4,5.0,2,84,No,3,45,6,4,3,1,48,1,No
500,33.0,Female,Single,Marketing,Assistant,5,7712.0,50,21.0,9,8,3,1.0,3,15,Yes,7,49,17,2,3,3,17,1,No
501,50.0,Male,Single,Sales,Analyst,3,3066.0,32,17.0,9,1,3,1.0,2,18,No,8,37,15,3,4,1,32,4,Yes
502,38.0,Female,Single,IT,Manager,1,18855.0,52,23.0,2,3,2,1.0,4,28,No,1,52,1,3,2,3,11,1,Yes
503,35.0,Male,Married,Finance,Executive,1,15478.0,73,25.0,10,0,3,1.0,2,50,No,7,31,3,4,4,2,34,1,No
504,24.0,Male,Single,Sales,Manager,3,10533.0,23,11.0,10,1,3,3.0,3,17,No,9,42,19,2,4,2,24,2,Yes
505,54.0,Female,Married,Marketing,Executive,3,18103.0,87,17.0,11,4,4,2.0,3,57,No,3,37,15,2,2,4,5,2,No
506,31.0,Male,Married,HR,Assistant,3,7616.0,86,26.0,12,9,2,5.0,1,43,Yes,3,54,2,4,2,3,29,4,Yes
507,44.0,Female,Married,Marketing,Manager,1,16277.0,65,14.0,6,0,3,2.0,4,15,Yes,8,50,1,2,4,3,48,1,No
508,40.0,Male,Divorced,IT,Analyst,5,8730.0,49,29.0,4,6,2,2.0,2,64,Yes,4,49,2,1,4,1,48,3,No
509,55.0,Female,Single,Finance,Manager,3,13724.0,96,20.0,8,3,3,4.0,4,1,No,8,45,4,4,3,3,34,2,No
510,42.0,Female,Single,Finance,Manager,2,14772.0,19,19.0,12,5,4,1.0,3,55,No,5,33,1,3,2,2,16,3,No
511,35.0,Female,Married,IT,Manager,3,19268.0,28,21.0,11,7,2,3.0,1,78,No,3,58,18,4,1,4,25,3,No
512,58.0,Male,Married,Sales,Assistant,4,15940.0,44,7.0,7,5,3,1.0,3,27,No,4,45,19,1,2,1,37,4,No
513,58.0,Male,Single,Sales,Analyst,3,19932.0,18,24.0,7,1,4,1.0,3,64,No,4,49,1,4,4,4,8,4,No
514,33.0,Female,Married,Finance,Manager,1,17643.0,53,13.0,11,0,3,2.0,3,4,,8,35,1,3,4,3,29,1,No
515,50.0,Female,Single,Finance,Analyst,3,3198.0,98,18.0,10,7,2,4.0,2,21,Yes,6,56,19,3,4,3,46,4,Yes
516,24.0,Male,Divorced,HR,Assistant,4,19955.0,78,23.0,9,7,3,1.0,3,99,No,7,33,17,4,4,1,25,2,No
517,54.0,Male,Married,Sales,Executive,2,12830.0,39,14.0,13,8,2,5.0,4,12,No,9,45,19,4,1,3,42,1,Yes
518,42.0,Male,Single,IT,Manager,5,16798.0,42,1.0,5,5,2,5.0,4,64,Yes,6,52,13,1,2,4,23,1,Yes
519,48.0,Female,Married,Sales,Analyst,3,14469.0,90,7.0,6,0,3,1.0,1,15,No,3,52,14,1,1,2,34,3,No
520,30.0,Male,Single,HR,Analyst,4,3178.0,80,8.0,1,8,4,2.0,4,85,Yes,3,50,11,3,1,1,3,3,No
521,37.0,Male,Single,Finance,Assistant,4,3798.0,92,18.0,6,2,1,2.0,3,63,Yes,3,42,10,2,4,3,30,3,No
522,31.0,Female,Married,Finance,Manager,2,10601.0,36,9.0,2,5,4,3.0,3,31,Yes,2,34,10,2,1,4,34,1,No
523,28.0,Male,Divorced,HR,Executive,1,5795.0,45,1.0,6,9,4,4.0,4,79,No,1,44,6,2,4,2,32,4,No
524,29.0,Male,Single,IT,Analyst,3,15496.0,37,29.0,9,9,3,2.0,1,50,Yes,1,55,11,2,4,3,29,4,No
525,36.0,Male,Single,Finance,Manager,4,7588.0,62,22.0,8,8,4,3.0,1,78,Yes,4,37,15,3,4,1,9,4,No
526,57.0,Female,Single,Marketing,Executive,2,10297.0,34,17.0,9,2,4,5.0,4,57,No,3,36,4,2,1,3,2,1,No
527,26.0,Female,Divorced,Finance,,5,6084.0,52,19.0,13,4,1,5.0,2,45,Yes,5,43,1,2,4,3,39,1,No
528,32.0,Female,Divorced,Marketing,Analyst,4,14110.0,69,27.0,10,4,4,5.0,2,51,No,9,36,15,4,1,3,7,1,No
529,59.0,Female,Married,HR,Executive,2,3731.0,82,6.0,8,9,1,1.0,2,62,No,8,51,14,2,2,2,46,1,No
530,28.0,Female,Divorced,HR,Executive,1,4129.0,93,3.0,3,6,3,4.0,2,75,Yes,9,36,10,4,4,2,5,1,No
531,46.0,Female,Married,Finance,Assistant,1,4605.0,15,24.0,8,3,1,3.0,4,59,No,5,52,5,3,3,3,8,4,No
532,21.0,Female,Married,Sales,Manager,4,14970.0,21,5.0,6,3,2,4.0,1,64,No,8,55,12,4,3,3,32,1,No
533,24.0,Male,Divorced,Marketing,Manager,4,13937.0,71,2.0,13,6,2,1.0,3,80,Yes,4,59,18,1,3,1,18,4,Yes
534,48.0,Male,Married,IT,Assistant,3,14362.0,26,20.0,6,8,1,3.0,3,54,Yes,5,47,9,4,3,3,38,1,No
535,56.0,Female,Divorced,Finance,Analyst,2,5933.0,19,25.0,6,3,2,3.0,4,56,Yes,3,59,18,2,3,4,46,4,No
536,57.0,Male,Married,IT,Executive,4,18187.0,64,4.0,3,3,3,2.0,3,91,Yes,5,39,4,4,1,4,18,2,No
537,38.0,Male,Divorced,Finance,Executive,3,8074.0,56,10.0,10,5,2,4.0,2,70,No,3,47,6,4,2,1,49,2,No
538,27.0,Female,Divorced,Sales,Executive,3,17037.0,26,10.0,1,5,1,4.0,1,72,Yes,5,43,10,3,1,2,41,4,No
539,20.0,Male,Married,Sales,Analyst,4,10099.0,32,24.0,12,6,3,2.0,4,85,Yes,5,39,13,3,4,3,45,2,No
540,41.0,Male,Single,Sales,Executive,1,3893.0,80,21.0,14,0,2,5.0,1,25,Yes,6,36,15,2,2,1,16,2,No
541,36.0,Male,Married,Sales,Executive,2,4390.0,88,11.0,4,2,3,1.0,4,11,No,9,59,17,1,2,2,21,4,No
542,26.0,Male,Divorced,HR,Assistant,2,7239.0,93,27.0,10,8,1,4.0,4,70,No,1,55,3,1,2,1,10,1,Yes
543,44.0,Male,Single,HR,Analyst,1,6432.0,31,16.0,12,5,2,2.0,4,45,No,6,36,0,4,2,2,42,1,Yes
544,23.0,Female,Married,Marketing,Manager,4,5371.0,82,26.0,6,5,3,3.0,4,46,No,1,36,14,1,3,3,4,4,No
545,55.0,Female,Married,IT,Assistant,2,4515.0,85,29.0,11,4,3,2.0,1,78,No,6,34,13,3,4,1,44,3,No
546,25.0,Female,Married,Finance,Assistant,4,18906.0,76,29.0,12,2,2,5.0,3,37,Yes,2,30,18,2,2,3,8,3,No
547,50.0,Male,Single,Finance,Manager,4,9326.0,55,17.0,10,4,3,1.0,4,20,No,8,43,4,2,2,1,47,2,Yes
548,38.0,Female,Divorced,HR,Assistant,3,17605.0,48,16.0,2,0,3,5.0,2,13,No,3,47,3,3,3,2,19,3,No
549,58.0,Male,Married,Finance,Analyst,1,8586.0,84,7.0,7,2,1,3.0,4,1,No,6,42,12,2,1,1,47,2,No
550,46.0,Male,Married,HR,Executive,4,5917.0,59,16.0,7,3,1,3.0,1,71,Yes,6,54,17,4,1,4,40,1,No
551,29.0,Male,Married,Marketing,Analyst,5,18901.0,72,3.0,11,4,1,3.0,4,69,Yes,4,37,11,2,1,4,40,4,No
552,45.0,Male,Married,IT,Manager,1,6793.0,65,26.0,4,9,1,3.0,2,32,No,5,37,14,1,4,1,9,1,No
553,38.0,Female,Married,Marketing,Manager,2,12947.0,48,16.0,4,8,1,2.0,1,5,Yes,2,39,8,2,1,4,30,4,No
554,58.0,Female,Divorced,Sales,Assistant,3,18859.0,58,8.0,1,3,1,3.0,4,89,No,8,46,3,2,2,3,17,3,No
555,22.0,Male,Divorced,Sales,Analyst,2,4577.0,29,12.0,13,2,2,3.0,2,36,Yes,7,35,4,3,3,4,40,1,No
556,32.0,Female,Married,Sales,Analyst,2,12488.0,92,3.0,2,9,1,2.0,1,13,Yes,6,44,8,3,3,4,44,1,No
557,47.0,Male,Single,Marketing,Manager,1,12164.0,84,17.0,9,0,3,3.0,4,36,No,7,44,12,1,1,3,15,2,No
558,39.0,Female,Divorced,Finance,Analyst,2,4030.0,64,21.0,10,9,2,5.0,2,7,Yes,1,54,9,3,3,3,4,4,No
559,47.0,Female,Single,IT,Manager,4,18881.0,46,18.0,8,5,3,5.0,1,76,No,5,45,15,1,2,2,6,3,Yes
560,27.0,Male,Divorced,Sales,Analyst,2,13785.0,81,11.0,8,6,1,4.0,4,12,No,7,37,12,4,1,3,16,1,No
561,58.0,Female,Married,Sales,Analyst,3,9691.0,17,4.0,9,9,1,5.0,1,39,No,1,48,3,1,2,1,26,4,No
562,20.0,Male,Divorced,Sales,Analyst,3,9358.0,88,16.0,7,7,3,1.0,2,91,Yes,2,49,12,2,4,4,37,3,No
563,22.0,Female,Married,IT,Manager,5,4462.0,65,17.0,13,0,3,1.0,4,57,Yes,9,44,7,1,2,2,23,1,Yes
564,32.0,Male,Divorced,Sales,Assistant,3,18511.0,81,9.0,9,3,3,1.0,4,17,No,3,32,12,4,2,3,13,4,No
565,47.0,Male,Married,IT,Analyst,2,13570.0,90,6.0,10,4,4,2.0,4,56,No,6,35,14,2,2,4,47,2,Yes
566,44.0,Female,Married,Sales,Manager,3,18897.0,62,24.0,12,1,4,5.0,2,82,Yes,7,59,19,1,2,1,17,1,No
567,52.0,Female,Married,Marketing,Manager,1,14646.0,31,27.0,2,0,4,1.0,3,37,No,9,54,19,3,4,1,27,4,No
568,57.0,Male,Married,Marketing,Analyst,3,18474.0,21,20.0,6,7,4,4.0,4,31,Yes,5,37,12,3,1,2,22,3,No
569,25.0,Female,Single,IT,Analyst,4,10037.0,27,25.0,3,5,2,2.0,2,85,Yes,4,45,4,3,2,1,37,3,No
570,51.0,Female,Married,Marketing,Assistant,1,12499.0,80,2.0,11,4,1,4.0,1,65,Yes,2,44,5,1,1,4,19,2,No
571,40.0,Male,Single,IT,Manager,5,16386.0,18,9.0,6,8,3,5.0,1,76,No,3,42,4,1,3,3,39,1,No
572,35.0,Male,Single,Marketing,Manager,4,9221.0,24,28.0,3,1,1,3.0,2,86,No,5,55,12,4,2,1,35,2,No
573,40.0,Female,Married,Marketing,Executive,2,10769.0,31,21.0,8,9,3,4.0,3,24,Yes,2,49,4,2,2,3,13,4,Yes
574,30.0,Male,Single,IT,Manager,2,17356.0,66,29.0,11,7,1,3.0,2,91,No,4,44,12,2,3,4,14,3,No
575,56.0,Male,Divorced,Finance,Assistant,2,10389.0,20,6.0,13,9,2,2.0,1,57,No,1,47,19,2,1,4,48,2,No
576,55.0,Male,Married,Marketing,Executive,4,7922.0,97,3.0,4,8,4,4.0,1,74,Yes,4,42,7,2,4,3,31,1,No
577,54.0,Female,Single,Sales,Executive,4,16639.0,83,20.0,12,0,1,4.0,4,32,Yes,7,53,8,1,2,4,45,4,No
578,38.0,Female,Married,Finance,Executive,4,13003.0,88,6.0,10,6,3,2.0,3,87,No,3,37,18,1,3,2,2,1,No
579,39.0,Male,Married,IT,Analyst,1,8178.0,23,7.0,6,7,1,2.0,2,65,Yes,8,43,19,4,3,1,46,2,No
580,37.0,Female,Married,Finance,Analyst,1,18240.0,91,1.0,9,2,2,1.0,1,29,No,6,57,14,2,2,2,39,3,No
581,33.0,Male,Single,HR,Manager,2,6968.0,97,23.0,2,3,2,5.0,1,80,Yes,6,40,9,1,1,2,37,3,No
582,34.0,Female,Divorced,HR,Executive,3,5716.0,35,1.0,2,2,1,4.0,1,33,Yes,1,35,10,1,1,2,14,2,No
583,50.0,Male,Divorced,Marketing,Assistant,2,19574.0,38,5.0,7,6,4,4.0,2,85,No,5,59,4,1,2,3,9,1,Yes
584,20.0,Male,Single,Marketing,Analyst,5,16511.0,18,6.0,2,8,3,2.0,2,68,No,3,53,8,1,3,3,10,1,No
585,22.0,Female,Married,Sales,Assistant,1,11181.0,38,13.0,2,2,2,2.0,3,47,No,1,54,10,2,2,4,7,1,No
586,35.0,Male,Single,Finance,Assistant,4,15995.0,73,2.0,4,5,2,5.0,4,39,No,8,58,18,2,4,3,28,1,No
587,42.0,Female,Single,HR,Analyst,1,14298.0,17,15.0,9,7,1,2.0,4,50,No,7,30,1,1,4,4,46,3,No
588,30.0,Female,Single,Marketing,Analyst,4,19762.0,82,15.0,8,5,2,3.0,4,79,Yes,7,54,5,3,1,3,25,1,No
589,31.0,Male,Married,Finance,Analyst,5,9380.0,54,13.0,2,1,2,3.0,1,12,Yes,4,31,0,4,4,4,46,2,No
590,29.0,Male,Single,Marketing,Analyst,5,3615.0,62,26.0,8,6,3,3.0,4,89,No,6,59,2,2,3,1,28,2,No
591,51.0,Female,Married,Marketing,Executive,1,3463.0,68,25.0,4,1,4,3.0,1,30,Yes,9,42,2,2,4,4,2,2,Yes
592,35.0,Male,Single,HR,Executive,4,12158.0,49,14.0,2,1,3,5.0,3,38,No,3,30,13,3,2,1,17,2,No
593,27.0,Male,Divorced,HR,Executive,5,6158.0,70,26.0,11,1,4,4.0,1,62,Yes,9,53,19,2,3,4,4,1,No
594,57.0,Male,Single,Marketing,Executive,2,16434.0,54,22.0,10,0,3,3.0,3,47,Yes,4,53,4,3,1,3,13,3,No
595,31.0,Male,Single,IT,Manager,2,7938.0,91,7.0,7,0,1,2.0,3,86,No,5,56,16,3,1,3,18,4,No
596,43.0,Male,Divorced,Marketing,Executive,4,8417.0,82,14.0,6,6,2,3.0,4,47,No,7,33,14,1,4,1,3,1,Yes
597,47.0,Female,Married,Marketing,Analyst,1,11881.0,60,26.0,14,4,4,5.0,4,60,No,6,53,5,2,1,2,37,4,No
598,27.0,Female,Married,Sales,Assistant,5,8603.0,92,24.0,10,2,1,2.0,1,11,Yes,8,52,13,4,2,2,33,3,No
599,47.0,Male,Single,Sales,Executive,1,5212.0,27,27.0,5,0,2,3.0,2,77,No,8,58,13,3,3,4,41,1,Yes
600,55.0,Male,Divorced,Sales,Manager,2,19766.0,41,29.0,11,9,2,4.0,4,55,No,8,31,16,4,2,3,24,4,No
601,45.0,Male,Married,IT,Analyst,5,14695.0,20,10.0,1,5,2,2.0,4,17,No,3,50,7,1,2,2,8,3,No
602,27.0,Female,Single,IT,Assistant,1,12775.0,31,17.0,2,0,3,2.0,2,26,No,6,59,7,2,2,3,35,4,No
603,47.0,Male,Divorced,Marketing,Assistant,3,17559.0,50,14.0,8,8,1,4.0,2,27,No,7,55,18,1,2,3,2,2,No
604,47.0,Female,Married,Sales,Executive,4,9146.0,95,8.0,1,1,1,2.0,4,81,No,9,49,8,1,3,3,33,2,No
605,56.0,Female,Married,IT,Assistant,4,3371.0,16,4.0,3,0,2,3.0,2,79,Yes,4,45,10,4,3,4,12,3,Yes
606,55.0,Female,Divorced,HR,Executive,3,8565.0,91,26.0,2,6,4,2.0,1,51,Yes,5,32,12,4,2,1,22,3,Yes
607,46.0,Male,Divorced,Marketing,Executive,2,11802.0,66,16.0,5,5,1,3.0,3,15,Yes,8,46,12,3,2,4,13,4,No
608,36.0,Female,Divorced,Finance,Analyst,5,11307.0,80,24.0,4,5,3,4.0,3,76,Yes,1,34,18,2,1,2,10,3,No
609,28.0,Male,Divorced,Marketing,Analyst,4,10437.0,66,13.0,13,4,4,1.0,4,57,No,6,55,18,1,1,1,17,2,Yes
610,52.0,Female,Single,Finance,Manager,3,3446.0,57,22.0,7,3,4,4.0,4,92,No,4,37,4,3,3,2,43,2,No
611,39.0,Male,Divorced,Sales,Analyst,3,4391.0,36,27.0,5,3,4,3.0,1,8,Yes,5,41,15,3,1,1,5,1,No
612,32.0,Female,Married,Finance,Analyst,2,14516.0,69,25.0,8,2,4,5.0,2,25,Yes,5,54,8,1,3,1,9,4,Yes
613,47.0,Male,Married,Sales,Executive,2,18454.0,81,27.0,4,9,1,4.0,4,27,Yes,2,52,19,1,3,4,13,3,Yes
614,48.0,Female,Single,HR,Analyst,1,14891.0,74,20.0,12,7,2,5.0,3,76,No,8,41,2,3,4,3,23,3,No
615,32.0,Male,Married,Finance,Executive,4,17998.0,72,18.0,6,6,4,5.0,1,35,No,2,56,18,1,3,3,30,3,No
616,54.0,Male,Married,Marketing,Executive,1,8969.0,26,14.0,4,8,3,3.0,1,8,No,4,30,4,1,1,1,43,4,Yes
617,25.0,Male,Divorced,Sales,Analyst,3,12265.0,83,18.0,2,0,3,3.0,2,46,Yes,5,30,7,4,4,4,4,2,No
618,37.0,Male,Married,Marketing,Manager,5,18861.0,98,5.0,1,6,2,1.0,4,77,Yes,1,44,13,2,1,2,21,3,Yes
619,24.0,Female,Single,IT,Manager,5,8454.0,53,26.0,14,9,1,2.0,4,50,Yes,6,46,2,3,3,2,43,3,No
620,44.0,Female,Divorced,Sales,Assistant,2,6150.0,27,9.0,14,3,2,4.0,1,75,Yes,2,31,12,1,3,3,9,2,No
621,21.0,Male,Divorced,Finance,Assistant,5,18386.0,55,28.0,1,6,4,3.0,3,56,Yes,5,46,10,3,2,3,7,3,No
622,29.0,Female,Single,Sales,Analyst,5,9414.0,71,3.0,8,0,1,4.0,4,31,No,6,49,7,2,3,2,16,1,No
623,49.0,Male,Divorced,Marketing,Manager,5,7657.0,67,8.0,14,4,1,5.0,3,66,No,8,55,18,3,4,2,23,2,No
624,24.0,Male,Divorced,HR,Executive,3,13486.0,26,20.0,4,2,4,2.0,1,56,No,9,38,9,3,3,4,23,2,Yes
625,52.0,Female,Single,Sales,Assistant,5,17894.0,27,22.0,5,4,3,1.0,4,53,No,6,41,17,3,2,2,31,2,Yes
626,20.0,Male,Divorced,Finance,Executive,5,8480.0,88,10.0,11,3,4,4.0,3,15,No,5,33,17,4,3,4,5,1,No
627,37.0,Male,Single,IT,Assistant,5,11033.0,71,22.0,8,1,2,2.0,1,61,Yes,4,42,6,2,3,3,6,2,No
628,51.0,Female,Single,HR,Analyst,1,3983.0,54,19.0,12,3,4,1.0,3,83,No,2,33,15,2,3,2,1,4,No
629,30.0,Male,Married,IT,Manager,3,11543.0,94,21.0,7,2,3,4.0,4,95,Yes,2,36,5,3,2,3,48,4,No
630,40.0,Male,Married,Sales,Assistant,2,12916.0,59,28.0,13,0,4,2.0,2,55,No,7,43,15,3,1,1,28,4,No
631,45.0,Male,Divorced,Marketing,Manager,1,13143.0,49,3.0,8,9,2,3.0,3,22,Yes,5,56,15,2,3,1,18,2,No
632,44.0,Male,Divorced,Marketing,Executive,4,18581.0,17,11.0,13,7,2,4.0,2,16,Yes,7,38,0,1,4,1,24,2,No
633,41.0,Female,Single,Finance,Analyst,3,4907.0,19,11.0,8,4,3,2.0,4,79,Yes,1,52,18,4,2,2,13,2,No
634,46.0,Female,Divorced,Marketing,Manager,3,12216.0,25,17.0,6,3,2,1.0,2,37,Yes,1,30,2,2,4,3,33,1,No
635,32.0,Female,Single,HR,Analyst,4,11737.0,85,16.0,10,9,2,2.0,1,71,Yes,5,30,5,3,3,2,10,4,No
636,52.0,Male,Single,Marketing,Manager,4,16757.0,70,7.0,2,4,4,3.0,2,82,Yes,2,49,3,1,2,3,7,3,No
637,53.0,Male,Divorced,Finance,Executive,4,7174.0,24,4.0,6,3,1,4.0,3,29,No,8,33,3,1,3,4,37,3,No
638,54.0,Female,Single,Sales,Executive,2,18708.0,48,23.0,14,2,2,4.0,3,57,Yes,3,30,3,1,4,2,32,2,No
639,20.0,Male,Married,Sales,Analyst,5,12297.0,81,19.0,1,4,2,4.0,2,97,Yes,1,51,9,4,2,1,45,1,No
640,40.0,Male,Divorced,Marketing,Executive,3,4990.0,86,12.0,1,3,3,3.0,1,77,No,2,39,8,4,1,4,22,2,No
641,25.0,Male,Married,IT,Assistant,5,8596.0,45,15.0,11,0,3,1.0,4,21,Yes,7,31,7,2,1,3,16,3,Yes
642,47.0,Male,Divorced,Sales,Manager,5,19374.0,89,11.0,3,2,4,4.0,2,16,No,6,56,18,2,1,2,24,4,No
643,36.0,Female,Single,Marketing,Executive,4,6775.0,85,5.0,3,9,4,1.0,3,14,No,8,50,16,2,3,3,14,3,Yes
644,24.0,Female,Divorced,Finance,Assistant,2,18706.0,80,5.0,11,9,2,2.0,3,47,Yes,7,53,16,2,2,3,11,4,No
645,50.0,Female,Married,Marketing,Analyst,1,17645.0,84,15.0,13,7,1,1.0,2,31,Yes,8,44,0,3,4,2,19,4,No
646,24.0,Male,Single,Sales,Assistant,2,16668.0,55,29.0,5,6,1,1.0,2,76,No,3,32,19,4,4,2,23,1,No
647,57.0,Female,Divorced,Finance,Analyst,5,18960.0,77,18.0,1,1,4,4.0,2,84,Yes,6,54,13,1,3,3,34,3,No
648,22.0,Female,Divorced,Marketing,Analyst,2,14357.0,46,11.0,10,0,3,5.0,4,39,No,7,52,19,3,3,3,40,2,Yes
649,42.0,Male,Divorced,HR,Manager,4,7435.0,34,26.0,6,2,2,5.0,3,96,Yes,1,38,10,2,4,4,13,1,No
650,56.0,Male,Married,Finance,Manager,1,18804.0,71,12.0,7,4,2,3.0,3,56,No,1,46,2,2,2,1,39,4,No
651,56.0,Female,Married,HR,Assistant,4,17626.0,64,2.0,10,9,1,3.0,3,57,Yes,7,50,7,3,3,3,44,3,No
652,29.0,Female,Divorced,IT,Manager,1,10951.0,94,20.0,12,0,4,5.0,4,90,Yes,3,57,9,1,2,1,28,2,Yes
653,29.0,Female,Single,Finance,Manager,5,9449.0,39,15.0,13,2,1,2.0,1,98,No,3,42,16,4,4,4,40,1,No
654,38.0,Female,Single,HR,Manager,1,6199.0,26,20.0,11,2,1,4.0,3,15,No,5,32,7,4,2,1,16,2,No
655,36.0,Male,Married,Sales,Assistant,1,9768.0,85,4.0,3,4,4,4.0,3,27,No,6,33,0,1,1,1,28,3,No
656,40.0,Female,Single,Sales,Executive,1,12130.0,53,22.0,4,2,3,2.0,1,97,No,2,33,19,4,4,4,4,2,No
657,33.0,Female,Married,IT,Manager,2,11633.0,31,18.0,10,8,2,2.0,4,0,Yes,3,40,6,2,1,3,28,1,No
658,28.0,Male,Divorced,Finance,Manager,2,7225.0,59,6.0,11,0,3,5.0,1,40,No,6,57,8,2,4,1,12,2,No
659,20.0,Female,Married,Finance,Assistant,5,19980.0,25,23.0,10,3,4,3.0,1,47,No,3,36,11,2,1,3,16,3,Yes
660,32.0,Male,Married,Finance,Executive,1,9054.0,84,27.0,14,9,4,2.0,1,30,Yes,5,55,8,2,2,3,49,1,No
661,23.0,Male,Divorced,IT,Manager,3,4505.0,37,26.0,12,9,2,3.0,1,35,Yes,9,40,19,1,4,2,36,4,No
662,20.0,Male,Single,Finance,Analyst,5,12053.0,84,19.0,10,3,3,1.0,4,32,No,3,53,2,4,4,3,20,1,No
663,59.0,Female,Married,Sales,Assistant,1,18749.0,52,11.0,14,0,2,4.0,4,32,Yes,6,40,3,4,1,3,26,3,No
664,51.0,Female,Married,HR,Manager,1,13832.0,16,28.0,10,1,1,5.0,1,81,No,5,39,9,3,2,1,26,2,Yes
665,53.0,Male,Divorced,Sales,Manager,2,19344.0,98,24.0,10,0,1,4.0,2,22,Yes,5,34,3,1,4,3,22,4,No
666,47.0,Female,Single,Sales,Analyst,5,17783.0,93,2.0,3,5,1,5.0,2,59,No,6,42,8,4,3,3,9,4,Yes
667,50.0,Female,Married,HR,Analyst,1,4551.0,86,27.0,1,2,3,1.0,2,86,Yes,6,58,0,4,1,2,5,2,No
668,27.0,Male,Divorced,Sales,Assistant,1,18154.0,51,8.0,8,6,1,4.0,2,78,No,1,41,4,3,4,2,17,3,No
669,58.0,Male,Married,IT,Assistant,5,16799.0,63,29.0,13,4,2,1.0,3,89,No,9,39,8,2,2,1,49,1,No
670,45.0,Female,Divorced,HR,Analyst,3,9852.0,66,11.0,10,8,3,5.0,4,29,Yes,5,36,4,4,2,1,34,3,No
671,53.0,Male,Single,Sales,Assistant,5,4449.0,47,5.0,10,6,2,2.0,4,88,Yes,1,48,5,2,2,2,2,4,No
672,22.0,Female,Single,Marketing,Analyst,5,5659.0,36,18.0,2,3,4,4.0,1,44,No,8,48,18,3,2,2,7,1,No
673,31.0,Female,Single,Sales,Manager,3,10509.0,19,23.0,1,4,3,1.0,3,79,No,7,48,7,4,1,4,36,1,No
674,20.0,Female,Single,IT,Analyst,5,5721.0,32,18.0,14,4,2,4.0,1,38,Yes,7,41,9,2,4,3,13,2,No
675,24.0,Female,Married,Finance,Analyst,1,15444.0,52,14.0,8,4,2,4.0,1,44,Yes,5,49,10,1,1,1,20,3,Yes
676,49.0,Male,Married,Sales,Executive,5,12637.0,51,22.0,7,9,3,4.0,4,77,Yes,1,51,12,2,1,1,30,1,Yes
677,49.0,Male,Single,Finance,Analyst,3,13490.0,78,10.0,7,8,4,3.0,3,80,Yes,9,44,19,2,2,3,30,2,No
678,36.0,Male,Single,Marketing,Analyst,4,5925.0,24,3.0,4,9,3,1.0,2,11,Yes,9,34,3,2,3,3,11,3,Yes
679,42.0,Male,Single,Sales,Executive,5,12824.0,93,9.0,11,2,1,1.0,4,92,Yes,8,53,10,2,2,1,31,4,No
680,34.0,Female,Married,HR,Assistant,2,9240.0,56,3.0,9,5,1,4.0,3,31,Yes,5,59,11,1,3,2,3,4,No
681,56.0,Female,Single,Finance,Executive,1,19896.0,62,11.0,6,7,4,2.0,3,55,Yes,3,43,4,3,1,2,2,3,No
682,40.0,Male,Single,Marketing,Manager,1,3215.0,58,12.0,2,8,2,4.0,4,23,Yes,8,41,9,2,2,3,48,1,No
683,33.0,Female,Single,HR,Executive,2,10299.0,96,12.0,14,6,2,3.0,4,12,No,1,58,6,2,2,1,3,1,No
684,21.0,Female,Divorced,HR,Manager,2,14523.0,30,3.0,1,2,2,5.0,1,19,Yes,3,50,8,4,1,3,15,4,Yes
685,30.0,Female,Single,HR,Assistant,5,13364.0,68,21.0,1,0,3,3.0,1,78,Yes,7,40,8,4,2,2,17,4,No
686,58.0,Male,Divorced,HR,Executive,2,6153.0,49,7.0,9,3,3,2.0,1,55,No,4,57,9,1,4,4,48,1,No
687,57.0,Male,Divorced,Sales,Executive,4,4706.0,42,14.0,4,5,4,4.0,2,52,No,7,34,9,1,3,4,7,3,No
688,53.0,Male,Single,Sales,Assistant,3,13298.0,16,24.0,5,2,1,1.0,4,67,No,5,45,1,1,3,2,48,4,No
689,57.0,Female,Divorced,Sales,Manager,2,4567.0,27,28.0,3,0,2,4.0,3,53,No,6,59,3,4,3,3,5,1,No
690,53.0,Male,Single,Marketing,Executive,2,13400.0,55,11.0,4,5,1,2.0,4,33,No,7,55,7,2,2,4,34,3,No
691,37.0,Male,Married,Marketing,Manager,4,13345.0,94,7.0,12,0,3,1.0,3,27,No,7,47,13,4,4,2,33,2,No
692,49.0,Male,Married,Marketing,Executive,1,4128.0,73,25.0,8,8,3,3.0,2,49,Yes,7,41,16,3,2,1,45,3,No
693,34.0,Male,Married,IT,Analyst,1,10867.0,83,21.0,13,0,3,5.0,4,1,No,7,56,12,1,3,3,16,1,No
694,46.0,Male,Married,Marketing,Executive,5,8583.0,67,10.0,4,5,1,5.0,3,93,No,7,56,17,1,2,3,37,3,No
695,53.0,Male,Divorced,Sales,Assistant,4,7897.0,59,11.0,9,0,4,4.0,3,25,No,3,34,17,1,3,4,3,1,No
696,57.0,Female,Single,Sales,Assistant,3,9001.0,34,15.0,9,6,4,3.0,1,50,Yes,3,45,12,3,1,3,47,4,No
697,52.0,Female,Single,IT,Manager,3,14113.0,38,19.0,6,2,3,2.0,2,46,No,7,41,7,2,3,4,48,2,Yes
698,43.0,Male,Single,,Executive,4,7567.0,75,16.0,2,5,2,5.0,4,25,Yes,2,52,11,2,1,4,43,4,No
699,34.0,Male,Married,Marketing,Manager,3,12271.0,72,22.0,12,6,1,3.0,1,83,No,2,31,0,2,1,2,21,4,No
700,49.0,Female,Married,Finance,Manager,1,17348.0,41,21.0,10,0,3,4.0,2,91,No,3,59,19,1,1,4,41,1,No
701,36.0,Female,Single,IT,Analyst,3,14703.0,40,28.0,11,0,1,1.0,1,83,Yes,4,58,17,2,3,1,8,1,No
702,24.0,Male,Married,HR,Analyst,3,16329.0,21,20.0,7,4,1,4.0,4,74,Yes,6,35,2,4,4,3,22,1,No
703,48.0,Male,Single,Sales,Assistant,4,5741.0,56,12.0,9,5,4,4.0,3,73,No,8,52,11,1,3,4,5,1,Yes
704,23.0,Male,Single,HR,Manager,4,9256.0,61,18.0,6,8,3,3.0,4,60,Yes,7,50,18,3,2,3,17,4,No
705,29.0,Male,Single,Sales,Assistant,3,3228.0,67,23.0,3,0,4,5.0,2,22,Yes,4,54,12,3,2,4,37,1,No
706,36.0,Female,Single,Sales,Executive,2,19678.0,73,13.0,14,3,3,3.0,4,36,No,2,59,9,2,4,2,14,1,No
707,29.0,Male,Single,IT,Manager,4,7284.0,52,5.0,7,9,1,1.0,2,40,No,2,33,14,1,4,1,39,4,No
708,36.0,Male,Single,IT,Manager,5,16264.0,83,4.0,5,7,4,3.0,1,51,No,4,59,19,4,4,3,41,2,Yes
709,39.0,Male,Single,HR,Executive,5,16390.0,67,28.0,1,9,1,2.0,2,82,Yes,6,59,1,4,1,2,28,2,No
710,43.0,Male,Married,Sales,Executive,1,3918.0,29,14.0,3,8,3,4.0,3,81,No,3,42,18,1,4,3,31,3,No
711,24.0,Female,Single,HR,Assistant,3,14445.0,40,8.0,5,2,2,5.0,3,48,No,6,39,2,2,4,2,17,4,No
712,53.0,Female,Single,Finance,Assistant,2,3498.0,62,9.0,7,1,4,1.0,3,26,Yes,5,46,13,3,4,1,35,1,No
713,25.0,Female,Married,HR,Executive,1,5809.0,33,25.0,3,3,4,4.0,1,5,Yes,5,43,6,3,3,4,40,3,No
714,21.0,Male,Married,Marketing,Assistant,3,7961.0,23,19.0,6,1,1,3.0,2,73,No,2,53,7,4,2,2,22,2,No
715,32.0,Male,Married,HR,Executive,4,12017.0,78,3.0,5,0,1,2.0,1,65,Yes,8,44,10,4,2,3,45,2,No
716,30.0,Female,Single,Marketing,Manager,5,6779.0,68,5.0,13,2,2,3.0,4,23,No,5,37,19,4,4,3,48,4,No
717,42.0,Male,Divorced,Marketing,Manager,2,13050.0,65,21.0,1,6,4,4.0,4,37,Yes,2,52,5,3,2,2,29,1,Yes
718,35.0,Male,Divorced,Marketing,Analyst,5,5118.0,53,26.0,10,0,3,1.0,4,27,No,7,53,10,4,3,1,10,1,No
719,50.0,Female,Married,Finance,Manager,4,9391.0,18,18.0,6,1,3,5.0,4,27,Yes,9,47,16,3,2,1,18,3,No
720,30.0,Female,Divorced,HR,Executive,3,3145.0,17,1.0,14,0,4,4.0,3,65,Yes,9,32,9,3,1,4,35,2,No
721,35.0,Female,Married,HR,Assistant,4,16929.0,78,8.0,8,7,4,1.0,2,60,Yes,1,54,16,2,3,4,44,3,No
722,27.0,Female,Single,Finance,Analyst,4,17917.0,43,19.0,13,4,4,4.0,3,45,Yes,7,46,1,2,2,3,16,3,No
723,23.0,Male,Divorced,Sales,Assistant,5,7565.0,25,17.0,13,7,2,2.0,2,68,No,9,53,5,2,2,3,49,3,No
724,59.0,Male,Single,IT,Executive,2,19576.0,72,17.0,1,2,3,3.0,2,74,Yes,6,53,4,4,3,4,7,1,No
725,23.0,Female,Divorced,HR,Manager,4,9637.0,89,11.0,2,6,3,5.0,1,73,No,1,36,3,3,2,4,30,2,No
726,44.0,Male,Single,IT,Analyst,5,11243.0,41,2.0,14,7,1,1.0,4,42,Yes,2,42,1,4,2,4,19,3,No
727,22.0,Female,Divorced,Finance,Executive,2,5410.0,35,6.0,4,5,1,5.0,2,58,Yes,4,59,11,3,4,2,23,2,No
728,51.0,Female,Single,Sales,Analyst,3,4820.0,53,22.0,12,6,4,5.0,4,1,No,4,56,2,2,1,4,8,2,No
729,22.0,Male,Single,Sales,Analyst,3,5521.0,60,14.0,2,1,1,5.0,4,14,Yes,2,45,5,2,3,2,17,3,Yes
730,46.0,Female,Divorced,Sales,Manager,1,8882.0,80,3.0,11,7,2,1.0,4,36,Yes,8,34,13,4,4,2,21,3,No
731,48.0,Male,Single,Finance,Executive,5,4867.0,50,12.0,9,4,3,1.0,3,70,No,2,33,7,3,2,4,26,4,No
732,51.0,Male,Single,Marketing,Assistant,2,10465.0,89,4.0,10,6,3,5.0,4,19,Yes,3,55,13,4,3,1,28,1,No
733,38.0,Male,Single,Marketing,Analyst,4,14461.0,96,12.0,8,0,1,3.0,2,97,No,4,39,2,1,3,1,39,2,No
734,40.0,Male,Divorced,IT,Analyst,3,9103.0,79,13.0,8,4,4,4.0,3,34,Yes,9,42,15,4,1,3,33,3,No
735,24.0,Female,Divorced,Marketing,Assistant,2,15197.0,77,2.0,4,0,1,5.0,4,33,Yes,1,39,14,2,1,4,40,3,No
736,37.0,Male,Single,Marketing,Executive,5,18424.0,49,2.0,5,7,4,,1,85,Yes,8,43,6,3,3,3,19,2,No
737,47.0,Female,Single,Sales,Analyst,1,19053.0,45,15.0,4,3,2,5.0,4,30,No,5,55,14,3,1,4,29,3,Yes
738,41.0,Female,Divorced,Sales,Analyst,3,3240.0,42,23.0,13,3,3,1.0,4,86,Yes,7,51,12,4,1,3,20,4,No
739,40.0,Female,Divorced,IT,Analyst,2,7631.0,15,29.0,9,1,2,4.0,3,18,Yes,8,41,5,2,2,2,20,2,No
740,25.0,Female,Single,HR,Executive,2,12599.0,39,17.0,13,4,3,2.0,2,67,Yes,5,56,14,1,1,4,10,3,No
741,20.0,Male,Single,IT,Executive,2,14694.0,57,7.0,2,0,2,4.0,4,23,Yes,8,30,16,4,1,1,12,2,No
742,24.0,Male,Single,IT,Assistant,5,8077.0,98,28.0,13,8,1,4.0,3,83,Yes,8,58,3,3,4,4,33,3,No
743,31.0,Female,Married,Finance,Executive,5,6768.0,81,14.0,11,4,2,2.0,3,38,Yes,9,50,13,2,2,3,25,3,No
744,45.0,Female,Divorced,Finance,Executive,5,12142.0,77,12.0,8,5,2,5.0,2,91,Yes,2,59,14,3,2,3,25,1,No
745,53.0,Male,Married,IT,Manager,4,10995.0,65,17.0,2,1,1,5.0,3,53,Yes,3,49,11,3,3,3,4,2,No
746,33.0,Female,Divorced,IT,Assistant,2,16276.0,16,14.0,1,9,3,5.0,2,38,Yes,1,49,18,3,1,3,4,1,No
747,45.0,Male,Divorced,IT,Analyst,3,15746.0,96,6.0,10,9,3,3.0,1,16,No,4,36,9,3,4,3,9,3,No
748,46.0,Female,Divorced,Marketing,Executive,5,14475.0,78,19.0,3,0,1,5.0,4,18,Yes,5,38,5,1,4,3,15,2,No
749,28.0,Male,Divorced,Finance,Analyst,5,9568.0,88,24.0,9,3,2,2.0,3,47,No,1,37,8,2,2,1,26,2,No
750,45.0,Female,Divorced,IT,Analyst,2,5601.0,83,6.0,12,6,2,3.0,1,34,No,8,56,1,4,1,3,15,4,No
751,41.0,Female,Divorced,Sales,Manager,5,9080.0,23,27.0,3,5,2,5.0,3,31,No,2,42,3,2,4,1,26,4,Yes
752,49.0,Male,Divorced,Sales,Executive,4,16854.0,16,18.0,9,9,4,3.0,3,46,Yes,1,43,8,2,3,4,28,3,No
753,36.0,Female,Married,Marketing,Assistant,4,5159.0,48,24.0,7,0,3,2.0,1,46,No,2,41,14,2,1,2,7,3,No
754,45.0,Female,Single,Marketing,Executive,5,11313.0,74,5.0,13,0,2,5.0,3,63,No,5,37,12,4,1,1,32,3,No
755,55.0,Male,Single,HR,Analyst,2,7368.0,75,24.0,10,7,3,1.0,3,45,No,9,50,19,2,1,4,12,3,No
756,20.0,Female,Married,HR,Assistant,2,4317.0,45,24.0,1,3,2,2.0,1,34,Yes,9,51,7,4,4,2,35,4,No
757,27.0,Male,Married,HR,Executive,2,16272.0,24,6.0,10,4,1,4.0,3,93,No,2,47,18,4,2,1,32,2,Yes
758,54.0,Male,Married,Marketing,Analyst,1,4230.0,90,2.0,5,6,1,4.0,2,16,Yes,2,45,18,1,2,1,9,1,No
759,34.0,Female,Married,Marketing,Analyst,5,4301.0,50,8.0,9,7,3,2.0,3,41,No,3,58,15,3,3,4,14,2,No
760,41.0,Female,Divorced,Marketing,Manager,2,18927.0,99,15.0,12,9,3,4.0,4,28,No,7,40,10,4,4,3,13,2,No
761,33.0,Female,Single,Sales,Manager,4,4910.0,63,15.0,3,6,1,2.0,3,69,Yes,3,45,9,3,1,1,44,4,No
762,45.0,Female,Divorced,Marketing,Manager,3,17904.0,84,11.0,9,1,4,,4,16,Yes,1,43,7,2,3,1,33,2,No
763,47.0,Female,Single,Sales,Analyst,3,11107.0,63,22.0,5,3,1,2.0,4,80,No,6,32,0,3,3,4,32,2,No
764,42.0,Female,Single,HR,Executive,2,5757.0,17,22.0,9,9,2,5.0,3,13,No,3,50,9,3,2,3,19,3,Yes
765,33.0,Female,Married,HR,Manager,3,9464.0,88,24.0,10,0,4,5.0,1,23,No,1,31,17,3,1,2,30,1,Yes
766,43.0,Male,Divorced,HR,Executive,3,19562.0,19,1.0,6,9,1,3.0,2,56,Yes,4,32,2,2,1,3,16,2,No
767,21.0,Female,Married,IT,Manager,1,12088.0,75,18.0,9,8,4,4.0,2,49,Yes,1,33,10,2,4,3,12,2,No
768,45.0,Male,Divorced,IT,Assistant,4,18124.0,99,12.0,7,2,4,4.0,3,56,No,1,51,17,4,4,4,10,1,Yes
769,33.0,Female,Single,Finance,Assistant,4,17260.0,40,12.0,7,2,4,2.0,1,60,No,2,34,2,4,4,3,2,3,No
770,26.0,Female,Married,Finance,Manager,1,12743.0,86,25.0,8,9,3,4.0,1,38,Yes,8,39,7,1,3,4,18,4,No
771,22.0,Male,Married,Finance,Analyst,1,11683.0,19,11.0,7,8,1,5.0,2,54,Yes,2,49,13,2,1,2,13,4,No
772,42.0,Female,Single,IT,Manager,3,3060.0,29,28.0,12,9,3,1.0,1,95,No,2,58,5,1,2,1,29,2,No
773,37.0,Female,Single,IT,Manager,5,12269.0,30,8.0,9,2,3,2.0,3,35,Yes,8,31,14,2,3,1,24,3,No
774,,Male,Single,Finance,Analyst,3,5895.0,15,28.0,11,7,2,4.0,3,36,No,6,41,13,3,3,4,38,4,No
775,54.0,Female,Married,Finance,Assistant,1,18323.0,30,7.0,9,1,2,5.0,1,13,Yes,4,56,6,1,2,4,12,4,No
776,34.0,Female,Divorced,Marketing,Executive,4,15352.0,51,23.0,6,2,4,3.0,3,26,No,3,34,9,1,2,3,29,4,No
777,44.0,Female,Married,Finance,Manager,3,14875.0,17,21.0,7,1,4,4.0,4,82,No,1,34,14,1,4,3,22,4,No
778,56.0,Male,Divorced,Marketing,Analyst,5,19969.0,66,2.0,2,0,2,1.0,2,30,No,3,56,9,2,2,1,36,4,Yes
779,47.0,Female,Married,Sales,Manager,3,8823.0,61,11.0,9,1,2,1.0,3,72,Yes,9,52,16,4,2,1,1,2,No
780,29.0,Female,Married,IT,Analyst,2,14962.0,27,22.0,12,7,1,4.0,1,80,No,5,30,18,1,2,1,43,4,Yes
781,58.0,Female,Single,Finance,Executive,3,3534.0,94,10.0,13,8,4,4.0,2,82,No,6,33,16,4,2,4,40,2,No
782,36.0,Female,Divorced,IT,Executive,1,7011.0,69,3.0,1,1,4,5.0,3,43,Yes,5,56,11,2,4,2,34,1,No
783,58.0,Male,Married,IT,Assistant,4,5155.0,35,20.0,1,6,2,4.0,2,67,No,1,50,14,1,3,2,34,1,Yes
784,41.0,Male,Married,IT,Analyst,4,9957.0,80,29.0,3,4,1,3.0,1,47,No,1,53,11,2,1,4,48,3,No
785,45.0,Female,Single,Sales,Analyst,1,12196.0,68,10.0,12,2,2,5.0,4,56,No,4,41,8,4,1,3,33,2,No
786,44.0,Female,Single,HR,Assistant,2,13691.0,41,28.0,6,8,2,2.0,4,74,,3,41,4,4,3,2,4,3,No
787,36.0,Male,Divorced,Finance,Assistant,1,16327.0,52,27.0,5,5,3,3.0,3,21,Yes,8,45,3,1,1,3,38,1,No
788,32.0,Male,Married,HR,Analyst,3,5706.0,72,18.0,2,0,4,5.0,4,3,Yes,7,53,11,4,1,1,30,1,No
789,39.0,Female,Divorced,HR,Assistant,1,3001.0,76,14.0,9,4,1,5.0,3,80,Yes,7,46,15,3,3,1,46,1,No
790,44.0,Male,Married,HR,Executive,1,12225.0,60,18.0,14,6,3,1.0,2,71,No,8,50,8,3,1,3,20,1,No
791,23.0,Female,Divorced,IT,Manager,2,17820.0,25,28.0,13,3,4,5.0,3,45,Yes,7,39,2,1,1,1,26,4,Yes
792,29.0,Male,Single,Marketing,Executive,3,13891.0,86,24.0,10,7,2,3.0,3,58,Yes,2,46,2,2,3,4,15,1,No
793,22.0,Male,Married,IT,Assistant,5,4861.0,22,8.0,14,9,1,4.0,3,33,Yes,4,46,17,2,1,3,7,4,No
794,37.0,Male,Divorced,IT,Analyst,5,8269.0,85,10.0,4,4,4,3.0,4,10,No,6,47,16,2,2,3,7,4,No
795,55.0,Male,Single,HR,Analyst,4,14112.0,78,22.0,4,8,2,2.0,3,30,No,3,31,9,3,3,3,29,3,Yes
796,41.0,Female,Single,IT,Executive,1,18699.0,35,13.0,5,8,3,5.0,1,10,No,3,54,1,4,4,2,23,4,No
797,53.0,Male,Divorced,HR,Analyst,4,11320.0,86,21.0,8,8,1,5.0,3,55,Yes,6,33,10,3,1,3,34,3,No
798,27.0,Male,Married,Marketing,Assistant,2,19821.0,77,8.0,10,0,4,5.0,2,37,No,1,48,2,4,4,3,20,4,No
799,59.0,Female,Married,Finance,Executive,5,13740.0,99,4.0,4,1,3,5.0,1,20,No,1,40,1,3,1,3,15,4,No
800,38.0,Male,Single,HR,Analyst,1,6129.0,78,27.0,5,2,2,1.0,2,93,Yes,5,46,8,2,2,2,33,1,No
801,56.0,Male,Married,Marketing,Manager,2,17380.0,34,4.0,12,3,2,1.0,2,9,No,1,41,18,2,3,1,17,2,Yes
802,25.0,Female,Married,Finance,Manager,2,14360.0,22,5.0,4,9,4,4.0,2,25,Yes,8,31,1,2,4,2,20,4,Yes
803,45.0,Male,Married,Sales,Assistant,1,8398.0,72,1.0,14,8,2,5.0,1,90,Yes,2,35,18,1,3,4,13,2,No
804,53.0,Female,Single,HR,Analyst,2,8529.0,60,17.0,6,9,1,2.0,1,7,No,6,38,1,1,4,3,44,2,No
805,25.0,Female,Divorced,HR,Assistant,1,6918.0,45,2.0,12,5,4,4.0,4,7,Yes,5,34,14,4,1,4,24,2,No
806,56.0,Female,Married,Sales,Executive,1,19410.0,23,8.0,3,0,3,5.0,1,59,Yes,4,49,2,1,2,2,47,4,No
807,52.0,Female,Single,Sales,Manager,3,9937.0,29,7.0,8,8,4,1.0,3,71,Yes,1,58,4,3,4,1,37,2,No
808,41.0,Male,Single,HR,Executive,4,10118.0,40,15.0,6,5,4,2.0,2,33,Yes,3,50,10,3,4,1,7,4,No
809,40.0,Female,Divorced,Sales,Analyst,2,19931.0,24,26.0,10,3,3,4.0,4,15,Yes,4,38,6,4,2,3,8,1,Yes
810,25.0,Male,Married,IT,Assistant,2,13860.0,43,25.0,5,3,2,2.0,1,12,Yes,2,57,5,4,2,1,23,4,Yes
811,25.0,Male,Married,Finance,Assistant,3,8338.0,94,5.0,13,2,3,5.0,2,86,No,2,58,13,2,2,2,14,3,No
812,23.0,Male,Divorced,Finance,Assistant,3,15472.0,50,2.0,2,6,1,3.0,1,75,Yes,2,52,0,1,2,2,4,1,No
813,49.0,Male,Divorced,Finance,Executive,3,6140.0,98,7.0,10,2,2,2.0,4,90,Yes,1,37,16,2,2,1,21,2,No
814,30.0,Male,Single,IT,Manager,5,10996.0,51,8.0,10,1,4,2.0,1,21,Yes,2,49,16,1,3,3,46,2,No
815,49.0,Male,Single,Sales,Executive,5,18489.0,85,28.0,7,9,2,1.0,1,95,Yes,6,56,13,1,1,3,10,3,No
816,50.0,Male,Divorced,Marketing,Executive,5,17201.0,37,7.0,2,7,2,5.0,2,26,No,3,37,9,4,1,2,22,1,No
817,43.0,Male,Married,Sales,Analyst,1,10776.0,55,7.0,1,3,1,2.0,3,63,No,5,51,7,2,4,1,30,3,No
818,28.0,Male,Single,HR,Analyst,2,7943.0,94,28.0,7,7,2,5.0,1,1,Yes,1,50,7,2,2,2,30,2,No
819,22.0,Male,Single,Finance,Analyst,4,15886.0,42,14.0,5,0,2,1.0,4,96,No,8,58,13,1,3,2,16,4,No
820,50.0,Female,Married,Sales,Manager,1,11997.0,62,21.0,1,4,2,5.0,1,25,Yes,4,57,6,1,3,4,11,2,Yes
821,59.0,Female,Single,Marketing,Manager,2,10798.0,52,18.0,4,8,4,1.0,1,91,Yes,9,52,5,4,4,2,22,3,No
822,56.0,Female,Married,HR,Analyst,2,11092.0,45,6.0,12,0,2,1.0,3,82,Yes,4,35,3,3,2,3,29,4,No
823,55.0,Male,Married,IT,Analyst,3,6225.0,28,4.0,13,3,3,4.0,2,68,Yes,2,32,0,2,1,1,25,4,Yes
824,43.0,Female,Married,IT,Manager,3,14810.0,87,10.0,4,5,2,5.0,4,96,No,3,34,14,2,2,1,14,2,No
825,50.0,Female,Divorced,Marketing,Assistant,1,17914.0,91,18.0,10,9,1,3.0,2,83,No,5,38,14,4,3,4,14,4,No
826,25.0,Female,Divorced,HR,Manager,3,5460.0,43,12.0,7,7,2,4.0,2,29,Yes,6,36,0,4,2,4,2,1,No
827,21.0,Male,Divorced,Finance,Manager,2,11737.0,65,16.0,9,2,2,1.0,2,7,Yes,7,57,19,2,1,3,13,2,No
828,39.0,Male,Married,Sales,Manager,3,16920.0,63,25.0,2,4,4,3.0,1,37,No,4,33,2,2,1,4,3,2,No
829,47.0,Male,Married,HR,Analyst,5,13754.0,57,7.0,12,6,3,2.0,3,60,No,7,36,4,1,4,2,30,1,No
830,30.0,Male,Divorced,IT,Assistant,3,13833.0,86,6.0,14,0,2,2.0,1,80,Yes,3,34,4,3,3,2,18,2,Yes
831,23.0,Female,Single,Marketing,Manager,2,6114.0,19,28.0,1,6,3,4.0,4,64,No,7,40,3,2,2,3,36,3,Yes
832,34.0,Female,Married,Marketing,Analyst,1,18360.0,56,5.0,2,7,1,3.0,3,66,Yes,4,58,16,4,2,1,21,3,No
833,25.0,Female,Single,Sales,Executive,4,12951.0,21,3.0,7,7,4,5.0,2,45,No,8,44,19,1,4,3,19,2,No
834,49.0,Female,Single,Marketing,Executive,3,5565.0,56,12.0,13,8,3,3.0,3,89,No,9,31,13,1,4,4,16,1,No
835,57.0,Male,Married,Marketing,Manager,2,6174.0,50,15.0,10,5,4,4.0,4,94,No,7,42,7,4,4,1,28,4,No
836,21.0,Male,Married,HR,Executive,4,5630.0,41,10.0,6,5,2,5.0,1,71,No,8,51,1,4,3,1,4,1,No
837,34.0,Male,Single,Finance,Assistant,4,6161.0,72,26.0,4,1,1,5.0,1,42,Yes,8,45,7,1,2,1,15,3,Yes
838,30.0,Female,Single,Sales,Executive,5,7321.0,60,20.0,1,2,4,2.0,2,58,Yes,2,36,0,4,4,4,1,2,No
839,27.0,Male,Divorced,HR,Executive,4,16204.0,80,,13,3,2,3.0,1,45,No,9,37,3,1,3,2,48,1,No
840,45.0,Male,Divorced,Finance,Assistant,2,10099.0,39,16.0,1,3,3,5.0,1,71,Yes,6,35,18,4,2,2,47,4,No
841,24.0,Female,Married,HR,Manager,2,14360.0,87,28.0,5,7,1,4.0,4,34,No,4,53,4,1,1,4,16,4,No
842,25.0,Female,Divorced,HR,Manager,3,13313.0,41,11.0,1,0,1,2.0,3,38,No,5,36,4,2,4,4,20,4,Yes
843,45.0,Male,Divorced,Marketing,Assistant,3,16502.0,15,8.0,12,9,3,5.0,1,91,Yes,5,47,19,2,3,3,33,4,No
844,23.0,Male,Divorced,Finance,Assistant,3,8801.0,88,3.0,7,3,3,3.0,4,50,Yes,7,59,18,4,2,3,17,1,Yes
845,38.0,Male,Divorced,Sales,Assistant,4,17130.0,56,23.0,13,3,1,2.0,4,3,Yes,9,51,11,3,2,2,5,4,No
846,39.0,Male,Single,Sales,Executive,4,17271.0,66,7.0,11,0,4,3.0,2,79,No,7,54,19,2,4,4,5,3,No
847,52.0,Male,Married,Finance,Assistant,5,19075.0,39,23.0,1,2,1,3.0,4,76,Yes,9,57,0,1,4,3,39,4,No
848,39.0,Male,Divorced,Marketing,Analyst,3,7151.0,68,29.0,1,4,3,3.0,2,83,Yes,4,51,6,3,2,4,13,3,No
849,31.0,Female,Single,IT,Executive,1,11911.0,81,7.0,2,5,4,2.0,1,50,Yes,4,49,16,1,3,4,44,1,No
850,20.0,Female,Single,HR,Manager,5,15861.0,20,14.0,13,8,2,5.0,2,4,Yes,6,36,1,1,1,2,36,3,No
851,45.0,Female,Single,Marketing,Manager,1,3666.0,72,2.0,14,8,1,1.0,4,54,No,8,32,10,2,2,2,30,1,No
852,33.0,Male,Divorced,Finance,Manager,4,19667.0,84,10.0,11,8,3,5.0,3,19,No,9,34,6,4,3,4,4,4,Yes
853,57.0,Female,Divorced,HR,Executive,5,8840.0,67,19.0,12,0,2,2.0,3,23,No,1,30,16,4,4,1,23,2,No
854,56.0,Male,Married,Sales,Analyst,5,6565.0,80,26.0,10,8,1,1.0,1,35,No,1,44,2,1,2,1,21,3,No
855,30.0,Male,Divorced,IT,Assistant,2,13426.0,72,9.0,3,7,1,1.0,1,33,No,8,55,5,2,4,4,21,3,Yes
856,55.0,Female,Divorced,Sales,Assistant,4,10366.0,96,16.0,13,1,4,1.0,3,53,No,7,32,10,1,1,2,6,2,Yes
857,32.0,Male,Single,Finance,Manager,4,18630.0,16,19.0,11,0,3,4.0,2,33,No,9,37,17,3,4,1,24,1,No
858,22.0,Male,Married,HR,Manager,5,10382.0,90,18.0,1,0,2,2.0,1,82,Yes,3,54,17,1,1,2,47,1,No
859,52.0,Female,Divorced,Finance,Executive,4,19149.0,36,9.0,9,5,1,4.0,4,16,No,5,38,9,2,4,1,31,4,No
860,25.0,Female,Divorced,HR,Analyst,5,18871.0,51,16.0,10,8,4,1.0,1,4,No,3,44,4,1,4,4,19,3,No
861,29.0,Female,Single,Marketing,Assistant,2,16273.0,34,13.0,8,6,2,4.0,2,88,No,5,39,14,2,1,3,38,1,No
862,24.0,Male,Single,IT,Executive,5,3992.0,38,10.0,5,4,2,4.0,1,17,No,1,31,19,4,4,3,12,4,No
863,42.0,Female,Divorced,Marketing,Assistant,4,9858.0,98,25.0,13,1,1,2.0,4,54,Yes,4,49,3,2,3,2,14,1,Yes
864,29.0,Female,Married,Marketing,Manager,4,5121.0,79,20.0,11,0,2,3.0,4,52,No,6,34,0,3,4,2,12,2,No
865,21.0,Male,Married,Finance,Assistant,5,15388.0,79,14.0,2,1,1,4.0,4,49,No,2,48,14,2,2,1,15,2,No
866,32.0,Female,Single,IT,Analyst,5,7136.0,95,12.0,5,0,4,4.0,2,71,Yes,7,42,16,3,4,4,19,2,No
867,59.0,Female,Single,HR,Analyst,5,19727.0,15,25.0,6,2,4,1.0,2,90,No,8,40,18,3,3,1,28,4,No
868,21.0,Female,Divorced,HR,Manager,3,15653.0,17,19.0,14,5,2,1.0,4,78,No,1,30,13,1,2,4,40,3,No
869,39.0,Male,Single,Sales,Analyst,4,18479.0,60,7.0,1,7,1,1.0,4,44,No,4,51,18,3,3,4,41,2,No
870,20.0,Male,Divorced,HR,Analyst,4,7823.0,69,23.0,11,2,3,5.0,2,12,No,4,59,17,2,2,2,5,2,No
871,56.0,Male,Married,Finance,Executive,3,7920.0,89,15.0,4,9,4,4.0,2,15,No,5,44,1,4,4,3,5,1,Yes
872,28.0,Male,Married,Marketing,Assistant,5,8471.0,78,16.0,9,8,1,1.0,2,85,No,4,55,5,2,3,3,6,2,No
873,36.0,Female,Divorced,Marketing,Manager,2,12533.0,59,27.0,2,9,1,2.0,3,83,No,9,47,12,4,4,2,23,3,No
874,28.0,Male,Single,Marketing,Manager,5,10127.0,40,8.0,5,4,1,5.0,2,12,Yes,7,45,16,3,2,3,3,4,No
875,30.0,Male,Married,IT,Manager,5,6720.0,91,10.0,1,6,2,3.0,4,19,Yes,2,38,5,1,3,2,37,2,No
876,34.0,Female,Single,HR,Manager,3,18696.0,79,4.0,4,7,3,4.0,3,65,No,1,30,4,3,1,1,33,4,No
877,43.0,Female,Married,Finance,Manager,4,4364.0,38,19.0,4,2,2,4.0,2,98,Yes,9,40,6,3,3,4,43,4,No
878,57.0,Female,Divorced,IT,Analyst,5,5708.0,88,19.0,6,1,4,2.0,4,46,No,1,38,0,4,4,3,21,3,No
879,54.0,Male,Divorced,Sales,Executive,4,15982.0,49,28.0,10,1,2,3.0,1,18,Yes,6,52,12,2,1,3,20,1,No
880,49.0,Male,Divorced,Finance,Manager,1,3151.0,38,21.0,9,4,1,3.0,3,44,No,2,40,18,1,1,1,1,1,No
881,50.0,Male,Married,Finance,Executive,4,5321.0,42,27.0,3,0,2,5.0,4,36,Yes,4,42,0,1,2,1,39,4,No
882,24.0,Female,Single,Finance,Executive,2,16865.0,94,15.0,9,1,1,4.0,1,53,No,6,55,12,1,1,3,47,2,No
883,33.0,Female,Single,Marketing,Analyst,2,3495.0,30,14.0,6,8,3,1.0,4,5,Yes,5,31,10,1,1,3,17,4,No
884,30.0,Male,Single,Finance,Manager,5,14987.0,73,1.0,7,6,2,2.0,2,13,Yes,6,43,6,2,2,2,29,1,No
885,28.0,Female,Married,HR,Analyst,4,5148.0,95,16.0,12,5,2,2.0,2,3,No,3,35,19,1,3,2,8,2,Yes
886,53.0,Female,Married,Finance,Manager,5,3556.0,68,10.0,10,8,2,2.0,1,85,No,5,37,2,4,4,3,26,1,No
887,31.0,Female,Married,Marketing,Analyst,3,16393.0,93,19.0,2,6,1,2.0,2,54,Yes,2,47,0,4,3,2,28,3,No
888,54.0,Male,Married,Finance,Executive,2,4552.0,30,22.0,11,4,1,1.0,4,99,Yes,7,45,7,1,1,1,34,1,Yes
889,54.0,Female,Married,Sales,Manager,5,6085.0,29,3.0,10,8,2,1.0,1,33,No,3,50,16,1,4,4,26,2,No
890,20.0,Female,Single,Sales,Assistant,3,3156.0,25,5.0,14,5,2,5.0,4,26,Yes,1,58,12,2,3,2,13,2,No
891,59.0,Male,Married,Marketing,Executive,5,11926.0,79,9.0,6,5,3,4.0,4,6,No,8,41,13,2,4,4,44,4,No
892,41.0,Male,Married,HR,Assistant,4,10162.0,93,18.0,6,3,3,1.0,4,2,Yes,8,40,4,1,1,2,37,2,No
893,48.0,Female,Single,HR,Executive,4,11055.0,82,11.0,2,0,4,5.0,2,46,Yes,3,35,5,2,3,3,13,3,No
894,27.0,Female,Married,IT,Analyst,4,7654.0,57,16.0,2,4,3,3.0,2,96,No,7,32,5,3,4,2,38,1,No
895,30.0,Male,Single,Marketing,Manager,4,14468.0,83,2.0,14,8,3,4.0,4,1,No,9,43,7,1,4,4,25,4,No
896,56.0,Male,Single,Finance,Executive,1,3154.0,27,12.0,2,7,3,1.0,3,79,No,8,57,12,2,3,4,47,4,No
897,33.0,Female,Divorced,Marketing,Analyst,3,10950.0,24,22.0,10,7,1,3.0,4,24,Yes,3,31,17,4,3,3,23,2,No
898,49.0,Female,Divorced,IT,Manager,3,18323.0,89,6.0,12,4,3,5.0,4,59,Yes,2,40,3,1,1,4,22,3,No
899,54.0,Female,Divorced,Marketing,Manager,4,7626.0,96,11.0,1,8,3,1.0,1,78,Yes,7,51,16,1,2,3,21,4,No
900,40.0,Female,Divorced,Marketing,Executive,1,17259.0,55,27.0,5,2,2,1.0,4,23,No,7,32,4,4,4,3,30,3,No
901,56.0,Male,Married,IT,Manager,4,17873.0,64,8.0,8,2,1,3.0,2,14,Yes,9,47,2,4,3,4,11,3,No
902,24.0,Female,Divorced,HR,Executive,1,16016.0,85,12.0,2,0,4,1.0,1,94,Yes,5,30,3,2,3,1,4,1,Yes
903,38.0,Female,Single,Finance,Manager,4,12369.0,73,29.0,13,8,4,2.0,3,13,No,4,59,4,4,3,4,33,1,No
904,33.0,Male,Married,IT,Assistant,2,3153.0,53,27.0,5,5,3,1.0,1,53,Yes,8,53,13,3,4,4,47,1,No
905,45.0,Female,Divorced,Sales,Analyst,2,10853.0,17,2.0,12,1,4,4.0,3,77,Yes,4,30,14,1,1,2,12,3,No
906,23.0,Male,Single,HR,Assistant,5,15379.0,90,9.0,8,7,4,3.0,1,5,No,4,41,19,3,2,4,9,1,Yes
907,44.0,Female,Married,Sales,Executive,4,18792.0,21,15.0,10,8,4,4.0,1,77,No,2,44,16,2,4,2,32,4,Yes
908,44.0,Female,Married,HR,Assistant,3,8599.0,63,2.0,14,8,3,5.0,3,80,No,1,34,5,4,1,2,11,4,No
909,37.0,Male,Divorced,Finance,Executive,5,17785.0,40,29.0,5,1,4,4.0,2,17,No,4,56,9,1,4,4,37,2,Yes
910,59.0,Male,Married,Finance,Manager,2,14049.0,47,1.0,2,1,3,2.0,2,19,No,7,35,15,4,4,3,24,3,No
911,27.0,Female,Single,Marketing,Manager,4,3786.0,62,10.0,3,6,2,2.0,2,61,No,9,45,16,4,3,1,7,1,No
912,58.0,Female,Married,Sales,Executive,5,7368.0,93,2.0,6,3,2,4.0,1,80,No,9,56,13,2,1,4,8,4,No
913,59.0,Female,Single,HR,Assistant,4,17923.0,16,12.0,11,0,4,5.0,4,79,No,1,41,19,2,3,4,33,3,No
914,33.0,Male,Married,Finance,Manager,2,7272.0,85,23.0,11,7,2,1.0,1,39,No,5,41,11,2,3,3,25,3,No
915,51.0,Female,Divorced,IT,Analyst,5,8994.0,46,8.0,5,1,3,2.0,4,38,Yes,7,32,8,2,1,2,1,1,No
916,57.0,Male,Single,Finance,Manager,2,10011.0,18,5.0,11,2,2,4.0,4,51,No,7,59,14,1,3,3,3,3,Yes
917,52.0,Male,Married,IT,Analyst,1,17086.0,34,22.0,4,4,4,4.0,2,31,No,6,52,11,3,3,3,40,1,No
918,42.0,Female,Married,HR,Assistant,2,12261.0,50,28.0,4,2,3,4.0,4,72,Yes,4,31,13,3,2,2,28,1,No
919,34.0,Male,Married,Finance,Analyst,4,10011.0,46,1.0,5,6,1,1.0,1,26,No,3,36,17,1,1,4,43,1,No
920,52.0,Female,Single,Finance,Analyst,3,4212.0,42,15.0,2,6,3,3.0,1,51,Yes,9,31,19,4,1,3,33,3,Yes
921,44.0,Female,Single,HR,Analyst,2,17141.0,91,6.0,9,1,2,5.0,2,96,Yes,4,50,5,1,3,3,46,3,Yes
922,36.0,Female,Single,Finance,Analyst,3,12344.0,15,12.0,2,6,1,3.0,3,62,No,8,36,3,3,3,4,1,1,No
923,52.0,Female,Divorced,IT,Manager,1,9704.0,74,8.0,10,5,3,5.0,1,73,Yes,1,40,11,3,1,4,38,3,No
924,21.0,Female,Divorced,Finance,Analyst,5,18896.0,70,13.0,2,9,1,5.0,4,62,No,7,40,12,1,1,1,27,1,No
925,33.0,Male,Single,Sales,Manager,5,3143.0,49,19.0,10,8,1,4.0,1,16,No,6,43,18,2,4,3,38,2,No
926,59.0,Male,Married,Marketing,Analyst,3,13681.0,44,27.0,14,8,1,2.0,1,48,Yes,1,32,12,4,1,1,35,3,No
927,59.0,Female,Divorced,IT,Executive,5,10367.0,68,1.0,9,1,3,4.0,1,99,Yes,4,43,11,1,4,2,10,3,No
928,58.0,Female,Single,Sales,Assistant,2,6228.0,50,11.0,14,6,2,1.0,3,80,Yes,5,40,19,3,3,4,12,2,No
929,25.0,Male,Married,HR,Analyst,3,7582.0,69,20.0,3,4,3,5.0,4,81,No,8,33,2,2,2,4,10,2,No
930,25.0,Male,Divorced,IT,Executive,4,16147.0,94,1.0,10,5,2,2.0,2,22,No,4,46,2,4,2,1,34,2,No
931,22.0,Male,Married,Marketing,Analyst,2,14397.0,72,8.0,7,0,3,5.0,1,97,Yes,3,45,13,3,4,3,24,1,No
932,26.0,Male,Married,Marketing,Analyst,2,9031.0,97,5.0,4,6,3,5.0,4,71,No,2,32,17,4,3,2,28,1,No
933,27.0,Female,Married,HR,Analyst,2,7243.0,79,17.0,13,5,3,4.0,4,12,No,4,54,18,2,3,3,22,4,Yes
934,34.0,Female,Married,HR,Executive,4,16647.0,83,8.0,13,3,2,2.0,2,22,Yes,4,39,9,3,3,3,45,2,No
935,48.0,Male,Divorced,IT,Assistant,1,14496.0,65,25.0,6,0,3,2.0,1,56,Yes,5,50,16,2,1,1,16,4,Yes
936,52.0,Female,Divorced,Finance,Executive,5,12549.0,36,10.0,14,8,1,5.0,3,61,Yes,7,44,14,1,3,3,13,1,Yes
937,49.0,Male,Divorced,HR,Assistant,3,18146.0,67,2.0,4,3,3,2.0,4,53,Yes,9,37,18,1,1,1,36,3,No
938,58.0,Female,Single,Finance,Analyst,1,7185.0,50,9.0,10,1,1,2.0,2,19,Yes,2,47,8,4,4,4,36,2,No
939,46.0,Male,Divorced,Sales,Manager,3,15486.0,82,24.0,7,7,4,4.0,3,85,Yes,5,32,3,2,2,4,43,3,No
940,55.0,Female,Married,Marketing,Analyst,5,10328.0,50,23.0,1,1,4,3.0,4,51,Yes,9,36,14,2,4,4,23,1,No
941,48.0,Male,Divorced,Finance,Assistant,4,19684.0,66,3.0,3,4,2,1.0,1,22,Yes,3,59,18,4,3,2,14,2,No
942,57.0,Male,Married,Marketing,Executive,2,6010.0,67,18.0,13,5,2,3.0,4,34,Yes,1,39,15,4,3,2,32,4,No
943,52.0,Female,Single,Finance,Analyst,2,8555.0,96,7.0,3,7,4,2.0,3,66,Yes,2,49,7,4,4,3,3,4,No
944,56.0,Male,Married,Sales,Executive,4,3067.0,64,15.0,1,0,3,5.0,3,33,No,6,38,16,1,1,1,27,1,No
945,46.0,Female,Married,HR,Executive,1,15185.0,94,21.0,6,0,3,1.0,1,32,No,5,43,0,4,1,3,19,3,Yes
946,52.0,Female,Married,Sales,Executive,1,4537.0,55,22.0,13,3,3,1.0,1,45,Yes,1,52,6,1,1,4,22,1,No
947,23.0,Male,Single,HR,Analyst,3,19781.0,32,20.0,11,4,4,5.0,2,80,No,1,43,17,4,2,3,1,3,No
948,41.0,Female,Divorced,HR,Executive,4,14549.0,36,18.0,14,8,1,1.0,1,44,No,4,40,11,2,2,3,5,1,Yes
949,21.0,Female,Divorced,Marketing,Executive,1,8680.0,80,25.0,9,6,2,5.0,2,18,No,4,57,15,2,3,3,49,4,No
950,29.0,Female,Single,Sales,Analyst,4,11747.0,35,3.0,8,6,1,1.0,3,93,No,6,30,0,4,4,4,33,3,No
951,24.0,Female,Married,Finance,Executive,5,18116.0,58,28.0,11,7,4,3.0,3,86,No,6,33,14,4,4,1,19,1,Yes
952,29.0,Female,Divorced,Sales,Analyst,2,5941.0,61,23.0,7,4,1,1.0,4,14,No,6,55,6,1,3,3,36,2,No
953,52.0,Male,Single,Marketing,Assistant,2,13849.0,53,14.0,10,4,3,4.0,4,77,Yes,1,56,16,3,1,4,6,4,No
954,57.0,Female,Divorced,HR,Assistant,2,10067.0,43,24.0,8,0,3,5.0,2,65,Yes,9,35,2,1,2,2,15,4,No
955,32.0,Female,Single,Marketing,Assistant,4,13151.0,68,2.0,6,8,1,1.0,1,38,No,7,51,10,2,4,1,36,2,No
956,50.0,Female,Married,IT,Executive,4,18126.0,99,14.0,9,5,4,5.0,1,17,No,7,55,5,4,3,4,33,1,No
957,55.0,Female,Divorced,IT,Manager,3,18613.0,31,22.0,3,8,1,4.0,4,69,Yes,7,51,5,2,1,3,24,3,No
958,43.0,Female,Single,Finance,Manager,2,9447.0,94,11.0,10,2,3,1.0,3,58,No,2,34,14,3,1,4,27,4,No
959,34.0,Male,Divorced,Marketing,Executive,3,8499.0,74,16.0,10,4,3,1.0,2,31,No,2,32,6,1,2,1,49,1,Yes
960,48.0,Female,Divorced,Finance,Manager,2,9273.0,45,8.0,9,1,4,4.0,3,20,No,6,31,10,2,2,3,11,2,No
961,27.0,Male,Divorced,Finance,Analyst,3,4299.0,87,7.0,4,9,1,4.0,3,39,No,7,32,16,1,3,2,49,3,No
962,24.0,Male,Divorced,IT,Manager,3,9701.0,92,11.0,7,4,3,4.0,1,91,No,3,38,17,4,3,2,23,1,No
963,48.0,Male,Single,Finance,Executive,5,7994.0,63,3.0,13,7,3,5.0,2,26,Yes,4,48,18,2,1,2,33,1,No
964,23.0,Male,Married,IT,Executive,3,18627.0,16,17.0,9,1,1,4.0,3,1,Yes,3,48,7,3,1,4,41,4,No
965,31.0,Female,Single,HR,Analyst,4,10489.0,62,14.0,2,7,1,5.0,4,96,No,7,46,19,1,4,1,46,4,Yes
966,21.0,Male,Single,Marketing,Assistant,3,11269.0,28,6.0,2,3,2,3.0,4,79,Yes,7,47,7,1,1,2,47,3,No
967,46.0,Male,Single,Finance,Executive,2,5831.0,73,8.0,9,9,4,1.0,1,38,No,4,40,10,3,3,3,29,1,No
968,50.0,Female,Married,IT,Analyst,3,14602.0,72,22.0,12,9,4,1.0,4,85,No,7,41,2,2,2,3,31,2,No
969,55.0,Female,Divorced,Sales,Manager,1,14819.0,72,5.0,13,0,1,2.0,4,55,No,5,32,13,2,3,3,1,2,No
970,55.0,Female,Divorced,Finance,Manager,2,4996.0,65,27.0,3,4,4,3.0,3,12,No,1,47,8,1,4,4,34,3,Yes
971,45.0,Male,Divorced,HR,Analyst,1,14619.0,98,28.0,9,0,3,4.0,4,55,No,4,53,0,3,4,1,18,1,No
972,46.0,Female,Married,HR,Analyst,2,19661.0,16,8.0,13,6,1,4.0,4,65,No,7,35,0,1,2,1,18,4,No
973,24.0,Female,Divorced,Sales,Executive,4,6089.0,55,2.0,5,7,1,3.0,3,77,No,2,36,11,1,3,2,6,1,No
974,39.0,Male,Married,IT,Manager,4,3523.0,97,15.0,6,2,1,4.0,1,55,No,2,30,10,4,4,1,40,4,No
975,30.0,Female,Divorced,Finance,Analyst,4,15410.0,96,12.0,2,2,2,2.0,1,27,No,1,35,0,2,3,3,1,2,No
976,29.0,Female,Divorced,IT,Manager,1,18732.0,30,17.0,8,6,4,5.0,2,63,Yes,2,47,19,2,4,3,47,3,No
977,59.0,Female,Single,HR,Analyst,5,11167.0,18,1.0,11,3,2,1.0,4,70,No,8,42,11,4,2,4,42,3,No
978,57.0,Female,Married,IT,Manager,2,8190.0,26,15.0,9,2,3,3.0,3,81,Yes,8,51,16,2,4,3,30,3,No
979,25.0,Male,Single,HR,Assistant,4,7575.0,43,14.0,2,7,4,1.0,2,63,Yes,8,48,14,2,3,1,4,4,No
980,27.0,Female,Single,IT,Executive,2,10727.0,21,20.0,6,2,2,5.0,1,55,No,1,36,1,2,3,3,32,2,No
981,42.0,Female,Single,Sales,Manager,1,18378.0,28,22.0,6,6,1,3.0,1,40,Yes,1,48,17,3,4,2,10,2,Yes
982,45.0,Male,Married,Marketing,Assistant,5,4797.0,26,16.0,8,1,2,5.0,3,99,No,4,38,15,4,1,4,43,3,Yes
983,31.0,Female,Married,Sales,Manager,1,5131.0,19,29.0,10,0,1,4.0,2,40,No,6,32,3,1,2,4,5,3,No
984,45.0,Male,Divorced,Sales,Manager,2,17900.0,95,9.0,12,5,2,4.0,2,99,No,8,52,7,3,2,1,9,4,No
985,32.0,Female,Single,Marketing,Assistant,5,14332.0,46,1.0,5,7,2,4.0,3,3,No,2,41,1,1,4,3,5,4,No
986,59.0,Male,Divorced,Marketing,Manager,5,9666.0,88,28.0,9,0,2,5.0,3,56,Yes,3,49,13,4,4,3,11,1,No
987,37.0,Male,Single,Finance,Manager,1,19526.0,57,17.0,1,9,1,5.0,2,29,Yes,6,53,14,4,1,1,35,4,No
988,44.0,Male,Married,Finance,Executive,4,15479.0,95,29.0,9,8,2,5.0,1,87,No,4,59,8,4,2,1,27,1,No
989,52.0,Male,Married,Sales,Assistant,2,4410.0,83,13.0,10,2,4,1.0,4,83,Yes,2,47,1,2,1,2,4,3,No
990,59.0,Female,Married,Sales,Assistant,3,15665.0,59,21.0,7,2,4,5.0,1,45,Yes,7,37,16,3,2,1,10,2,No
991,31.0,Male,Single,HR,Analyst,3,3534.0,23,26.0,4,3,4,4.0,3,55,Yes,4,38,9,4,4,3,39,4,No
992,55.0,Female,Married,HR,Manager,1,6364.0,63,21.0,3,0,1,2.0,2,30,No,8,42,8,1,2,2,33,2,Yes
993,23.0,Male,Single,Finance,Executive,2,6342.0,47,5.0,14,8,1,5.0,2,87,Yes,8,37,1,2,2,4,38,4,No
994,24.0,Male,Divorced,Finance,Manager,2,16465.0,32,10.0,10,2,4,2.0,4,6,Yes,7,51,18,2,2,3,8,4,No
995,56.0,Male,Single,HR,Manager,1,7500.0,23,6.0,11,9,4,4.0,2,89,Yes,9,39,16,3,1,4,49,1,No
996,27.0,Female,Divorced,HR,Analyst,2,4172.0,76,24.0,14,3,4,5.0,4,76,No,4,46,10,3,1,4,24,4,No
997,47.0,Male,Single,IT,Manager,4,11007.0,71,19.0,6,0,3,1.0,1,53,Yes,7,36,16,3,2,4,39,3,Yes
998,50.0,Female,Divorced,IT,Executive,1,4641.0,43,25.0,12,3,4,1.0,1,7,Yes,1,46,9,2,3,3,33,2,No
999,28.0,Female,Married,HR,Executive,4,19855.0,92,13.0,13,0,2,2.0,2,54,No,4,52,17,4,1,4,41,4,No
1000,48.0,Female,Divorced,IT,Analyst,2,11738.0,39,1.0,1,4,3,1.0,2,68,Yes,2,59,5,1,4,3,43,2,No
